2026-04-03T22:48:30 | INFO     | ingest.tupi | Tupi enrich: fetching station list
2026-04-03T22:48:35 | INFO     | httpx | HTTP Request: GET https://api.tupinambaenergia.com.br/stationsShortVersion?plugTypes=%5B%22Tipo+2%22%2C+%22CCS+2%22%2C+%22CHAdeMO%22%5D&fast=false&searchText= "HTTP/1.1 200 OK"
2026-04-03T22:48:36 | INFO     | ingest.tupi | Tupi enrich: 2090 stations found
2026-04-03T22:48:36 | INFO     | httpx | HTTP Request: GET https://api.tupinambaenergia.com.br/station/60801e0091daf254c647e46c "HTTP/1.1 200 OK"
2026-04-03T22:48:36 | ERROR    | __main__ | Fatal error: (psycopg2.errors.InvalidColumnReference) ERRO:  não há nenhuma restrição de unicidade ou de exclusão que corresponda à especificação ON CONFLICT

[SQL: INSERT INTO connectors (station_id, connector_code, plug_type, power_kw, is_fast, current_status) VALUES (%(station_id)s, %(connector_code)s, %(plug_type)s, %(power_kw)s, %(is_fast)s, %(current_status)s) ON CONFLICT (station_id, connector_code) DO UPDATE SET plug_type = %(param_1)s, power_kw = %(param_2)s, is_fast = %(param_3)s, current_status = %(param_4)s RETURNING connectors.id]
[parameters: {'station_id': 1, 'connector_code': '699f69dd16160c001f4593ad', 'plug_type': 'AC', 'power_kw': 7, 'is_fast': False, 'current_status': 'UNAVAILABLE', 'param_1': 'AC', 'param_2': 7, 'param_3': False, 'param_4': 'UNAVAILABLE'}]
(Background on this error at: https://sqlalche.me/e/20/f405)
Traceback (most recent call last):
  File "C:\Users\Pedro\Desktop\EV_recharger_displacement_logistic_project\venv\lib\site-packages\sqlalchemy\engine\base.py", line 1967, in _exec_single_context
    self.dialect.do_execute(
  File "C:\Users\Pedro\Desktop\EV_recharger_displacement_logistic_project\venv\lib\site-packages\sqlalchemy\engine\default.py", line 952, in do_execute
    cursor.execute(statement, parameters)
psycopg2.errors.InvalidColumnReference: ERRO:  não há nenhuma restrição de unicidade ou de exclusão que corresponda à especificação ON CONFLICT


The above exception was the direct cause of the following exception:

Traceback (most recent call last):
  File "C:\Users\Pedro\Desktop\EV_recharger_displacement_logistic_project\main.py", line 201, in main
    handler(args)
  File "C:\Users\Pedro\Desktop\EV_recharger_displacement_logistic_project\main.py", line 44, in cmd_ingest_tupi
    ingester.run_enrich(delay=args.delay)
  File "C:\Users\Pedro\Desktop\EV_recharger_displacement_logistic_project\ingest\tupi.py", line 142, in run_enrich
    self.session.execute(stmt)
  File "C:\Users\Pedro\Desktop\EV_recharger_displacement_logistic_project\venv\lib\site-packages\sqlalchemy\orm\session.py", line 2351, in execute
    return self._execute_internal(
  File "C:\Users\Pedro\Desktop\EV_recharger_displacement_logistic_project\venv\lib\site-packages\sqlalchemy\orm\session.py", line 2249, in _execute_internal
    result: Result[Any] = compile_state_cls.orm_execute_statement(
  File "C:\Users\Pedro\Desktop\EV_recharger_displacement_logistic_project\venv\lib\site-packages\sqlalchemy\orm\bulk_persistence.py", line 1306, in orm_execute_statement
    result = conn.execute(
  File "C:\Users\Pedro\Desktop\EV_recharger_displacement_logistic_project\venv\lib\site-packages\sqlalchemy\engine\base.py", line 1419, in execute
    return meth(
  File "C:\Users\Pedro\Desktop\EV_recharger_displacement_logistic_project\venv\lib\site-packages\sqlalchemy\sql\elements.py", line 527, in _execute_on_connection
    return connection._execute_clauseelement(
  File "C:\Users\Pedro\Desktop\EV_recharger_displacement_logistic_project\venv\lib\site-packages\sqlalchemy\engine\base.py", line 1641, in _execute_clauseelement
    ret = self._execute_context(
  File "C:\Users\Pedro\Desktop\EV_recharger_displacement_logistic_project\venv\lib\site-packages\sqlalchemy\engine\base.py", line 1846, in _execute_context
    return self._exec_single_context(
  File "C:\Users\Pedro\Desktop\EV_recharger_displacement_logistic_project\venv\lib\site-packages\sqlalchemy\engine\base.py", line 1986, in _exec_single_context
    self._handle_dbapi_exception(
  File "C:\Users\Pedro\Desktop\EV_recharger_displacement_logistic_project\venv\lib\site-packages\sqlalchemy\engine\base.py", line 2363, in _handle_dbapi_exception
    raise sqlalchemy_exception.with_traceback(exc_info[2]) from e
  File "C:\Users\Pedro\Desktop\EV_recharger_displacement_logistic_project\venv\lib\site-packages\sqlalchemy\engine\base.py", line 1967, in _exec_single_context
    self.dialect.do_execute(
  File "C:\Users\Pedro\Desktop\EV_recharger_displacement_logistic_project\venv\lib\site-packages\sqlalchemy\engine\default.py", line 952, in do_execute
    cursor.execute(statement, parameters)
sqlalchemy.exc.ProgrammingError: (psycopg2.errors.InvalidColumnReference) ERRO:  não há nenhuma restrição de unicidade ou de exclusão que corresponda à especificação ON CONFLICT

[SQL: INSERT INTO connectors (station_id, connector_code, plug_type, power_kw, is_fast, current_status) VALUES (%(station_id)s, %(connector_code)s, %(plug_type)s, %(power_kw)s, %(is_fast)s, %(current_status)s) ON CONFLICT (station_id, connector_code) DO UPDATE SET plug_type = %(param_1)s, power_kw = %(param_2)s, is_fast = %(param_3)s, current_status = %(param_4)s RETURNING connectors.id]
[parameters: {'station_id': 1, 'connector_code': '699f69dd16160c001f4593ad', 'plug_type': 'AC', 'power_kw': 7, 'is_fast': False, 'current_status': 'UNAVAILABLE', 'param_1': 'AC', 'param_2': 7, 'param_3': False, 'param_4': 'UNAVAILABLE'}]
(Background on this error at: https://sqlalche.me/e/20/f405)
2026-04-03T22:48:54 | INFO     | ingest.tupi | Tupi poll: starting (interval=300s)
2026-04-03T22:48:58 | INFO     | httpx | HTTP Request: GET https://api.tupinambaenergia.com.br/stationsShortVersion?plugTypes=%5B%22Tipo+2%22%2C+%22CCS+2%22%2C+%22CHAdeMO%22%5D&fast=false&searchText= "HTTP/1.1 200 OK"
2026-04-03T22:48:58 | INFO     | ingest.tupi | Tupi poll: inserted 0 snapshots
2026-04-03T22:49:09 | INFO     | ingest.tupi | Tupi enrich: fetching station list
2026-04-03T22:49:13 | INFO     | httpx | HTTP Request: GET https://api.tupinambaenergia.com.br/stationsShortVersion?plugTypes=%5B%22Tipo+2%22%2C+%22CCS+2%22%2C+%22CHAdeMO%22%5D&fast=false&searchText= "HTTP/1.1 200 OK"
2026-04-03T22:49:13 | INFO     | ingest.tupi | Tupi enrich: 2090 stations found
2026-04-03T22:49:13 | INFO     | httpx | HTTP Request: GET https://api.tupinambaenergia.com.br/station/60801e0091daf254c647e46c "HTTP/1.1 200 OK"
2026-04-03T22:49:13 | ERROR    | __main__ | Fatal error: (psycopg2.errors.InvalidColumnReference) ERRO:  não há nenhuma restrição de unicidade ou de exclusão que corresponda à especificação ON CONFLICT

[SQL: INSERT INTO connectors (station_id, connector_code, plug_type, power_kw, is_fast, current_status) VALUES (%(station_id)s, %(connector_code)s, %(plug_type)s, %(power_kw)s, %(is_fast)s, %(current_status)s) ON CONFLICT (station_id, connector_code) DO UPDATE SET plug_type = %(param_1)s, power_kw = %(param_2)s, is_fast = %(param_3)s, current_status = %(param_4)s RETURNING connectors.id]
[parameters: {'station_id': 2, 'connector_code': '699f69dd16160c001f4593ad', 'plug_type': 'AC', 'power_kw': 7, 'is_fast': False, 'current_status': 'UNAVAILABLE', 'param_1': 'AC', 'param_2': 7, 'param_3': False, 'param_4': 'UNAVAILABLE'}]
(Background on this error at: https://sqlalche.me/e/20/f405)
Traceback (most recent call last):
  File "C:\Users\Pedro\Desktop\EV_recharger_displacement_logistic_project\venv\lib\site-packages\sqlalchemy\engine\base.py", line 1967, in _exec_single_context
    self.dialect.do_execute(
  File "C:\Users\Pedro\Desktop\EV_recharger_displacement_logistic_project\venv\lib\site-packages\sqlalchemy\engine\default.py", line 952, in do_execute
    cursor.execute(statement, parameters)
psycopg2.errors.InvalidColumnReference: ERRO:  não há nenhuma restrição de unicidade ou de exclusão que corresponda à especificação ON CONFLICT


The above exception was the direct cause of the following exception:

Traceback (most recent call last):
  File "C:\Users\Pedro\Desktop\EV_recharger_displacement_logistic_project\main.py", line 201, in main
    handler(args)
  File "C:\Users\Pedro\Desktop\EV_recharger_displacement_logistic_project\main.py", line 44, in cmd_ingest_tupi
    ingester.run_enrich(delay=args.delay)
  File "C:\Users\Pedro\Desktop\EV_recharger_displacement_logistic_project\ingest\tupi.py", line 142, in run_enrich
    self.session.execute(stmt)
  File "C:\Users\Pedro\Desktop\EV_recharger_displacement_logistic_project\venv\lib\site-packages\sqlalchemy\orm\session.py", line 2351, in execute
    return self._execute_internal(
  File "C:\Users\Pedro\Desktop\EV_recharger_displacement_logistic_project\venv\lib\site-packages\sqlalchemy\orm\session.py", line 2249, in _execute_internal
    result: Result[Any] = compile_state_cls.orm_execute_statement(
  File "C:\Users\Pedro\Desktop\EV_recharger_displacement_logistic_project\venv\lib\site-packages\sqlalchemy\orm\bulk_persistence.py", line 1306, in orm_execute_statement
    result = conn.execute(
  File "C:\Users\Pedro\Desktop\EV_recharger_displacement_logistic_project\venv\lib\site-packages\sqlalchemy\engine\base.py", line 1419, in execute
    return meth(
  File "C:\Users\Pedro\Desktop\EV_recharger_displacement_logistic_project\venv\lib\site-packages\sqlalchemy\sql\elements.py", line 527, in _execute_on_connection
    return connection._execute_clauseelement(
  File "C:\Users\Pedro\Desktop\EV_recharger_displacement_logistic_project\venv\lib\site-packages\sqlalchemy\engine\base.py", line 1641, in _execute_clauseelement
    ret = self._execute_context(
  File "C:\Users\Pedro\Desktop\EV_recharger_displacement_logistic_project\venv\lib\site-packages\sqlalchemy\engine\base.py", line 1846, in _execute_context
    return self._exec_single_context(
  File "C:\Users\Pedro\Desktop\EV_recharger_displacement_logistic_project\venv\lib\site-packages\sqlalchemy\engine\base.py", line 1986, in _exec_single_context
    self._handle_dbapi_exception(
  File "C:\Users\Pedro\Desktop\EV_recharger_displacement_logistic_project\venv\lib\site-packages\sqlalchemy\engine\base.py", line 2363, in _handle_dbapi_exception
    raise sqlalchemy_exception.with_traceback(exc_info[2]) from e
  File "C:\Users\Pedro\Desktop\EV_recharger_displacement_logistic_project\venv\lib\site-packages\sqlalchemy\engine\base.py", line 1967, in _exec_single_context
    self.dialect.do_execute(
  File "C:\Users\Pedro\Desktop\EV_recharger_displacement_logistic_project\venv\lib\site-packages\sqlalchemy\engine\default.py", line 952, in do_execute
    cursor.execute(statement, parameters)
sqlalchemy.exc.ProgrammingError: (psycopg2.errors.InvalidColumnReference) ERRO:  não há nenhuma restrição de unicidade ou de exclusão que corresponda à especificação ON CONFLICT

[SQL: INSERT INTO connectors (station_id, connector_code, plug_type, power_kw, is_fast, current_status) VALUES (%(station_id)s, %(connector_code)s, %(plug_type)s, %(power_kw)s, %(is_fast)s, %(current_status)s) ON CONFLICT (station_id, connector_code) DO UPDATE SET plug_type = %(param_1)s, power_kw = %(param_2)s, is_fast = %(param_3)s, current_status = %(param_4)s RETURNING connectors.id]
[parameters: {'station_id': 2, 'connector_code': '699f69dd16160c001f4593ad', 'plug_type': 'AC', 'power_kw': 7, 'is_fast': False, 'current_status': 'UNAVAILABLE', 'param_1': 'AC', 'param_2': 7, 'param_3': False, 'param_4': 'UNAVAILABLE'}]
(Background on this error at: https://sqlalche.me/e/20/f405)
2026-04-03T22:49:22 | INFO     | ingest.tupi | Tupi enrich: fetching station list
2026-04-03T22:49:26 | INFO     | httpx | HTTP Request: GET https://api.tupinambaenergia.com.br/stationsShortVersion?plugTypes=%5B%22Tipo+2%22%2C+%22CCS+2%22%2C+%22CHAdeMO%22%5D&fast=false&searchText= "HTTP/1.1 200 OK"
2026-04-03T22:49:27 | INFO     | ingest.tupi | Tupi enrich: 2090 stations found
2026-04-03T22:49:27 | INFO     | httpx | HTTP Request: GET https://api.tupinambaenergia.com.br/station/60801e0091daf254c647e46c "HTTP/1.1 200 OK"
2026-04-03T22:49:27 | ERROR    | __main__ | Fatal error: (psycopg2.errors.InvalidColumnReference) ERRO:  não há nenhuma restrição de unicidade ou de exclusão que corresponda à especificação ON CONFLICT

[SQL: INSERT INTO connectors (station_id, connector_code, plug_type, power_kw, is_fast, current_status) VALUES (%(station_id)s, %(connector_code)s, %(plug_type)s, %(power_kw)s, %(is_fast)s, %(current_status)s) ON CONFLICT (station_id, connector_code) DO UPDATE SET plug_type = %(param_1)s, power_kw = %(param_2)s, is_fast = %(param_3)s, current_status = %(param_4)s RETURNING connectors.id]
[parameters: {'station_id': 3, 'connector_code': '699f69dd16160c001f4593ad', 'plug_type': 'AC', 'power_kw': 7, 'is_fast': False, 'current_status': 'UNAVAILABLE', 'param_1': 'AC', 'param_2': 7, 'param_3': False, 'param_4': 'UNAVAILABLE'}]
(Background on this error at: https://sqlalche.me/e/20/f405)
Traceback (most recent call last):
  File "C:\Users\Pedro\Desktop\EV_recharger_displacement_logistic_project\venv\lib\site-packages\sqlalchemy\engine\base.py", line 1967, in _exec_single_context
    self.dialect.do_execute(
  File "C:\Users\Pedro\Desktop\EV_recharger_displacement_logistic_project\venv\lib\site-packages\sqlalchemy\engine\default.py", line 952, in do_execute
    cursor.execute(statement, parameters)
psycopg2.errors.InvalidColumnReference: ERRO:  não há nenhuma restrição de unicidade ou de exclusão que corresponda à especificação ON CONFLICT


The above exception was the direct cause of the following exception:

Traceback (most recent call last):
  File "C:\Users\Pedro\Desktop\EV_recharger_displacement_logistic_project\main.py", line 201, in main
    handler(args)
  File "C:\Users\Pedro\Desktop\EV_recharger_displacement_logistic_project\main.py", line 44, in cmd_ingest_tupi
    ingester.run_enrich(delay=args.delay)
  File "C:\Users\Pedro\Desktop\EV_recharger_displacement_logistic_project\ingest\tupi.py", line 142, in run_enrich
    self.session.execute(stmt)
  File "C:\Users\Pedro\Desktop\EV_recharger_displacement_logistic_project\venv\lib\site-packages\sqlalchemy\orm\session.py", line 2351, in execute
    return self._execute_internal(
  File "C:\Users\Pedro\Desktop\EV_recharger_displacement_logistic_project\venv\lib\site-packages\sqlalchemy\orm\session.py", line 2249, in _execute_internal
    result: Result[Any] = compile_state_cls.orm_execute_statement(
  File "C:\Users\Pedro\Desktop\EV_recharger_displacement_logistic_project\venv\lib\site-packages\sqlalchemy\orm\bulk_persistence.py", line 1306, in orm_execute_statement
    result = conn.execute(
  File "C:\Users\Pedro\Desktop\EV_recharger_displacement_logistic_project\venv\lib\site-packages\sqlalchemy\engine\base.py", line 1419, in execute
    return meth(
  File "C:\Users\Pedro\Desktop\EV_recharger_displacement_logistic_project\venv\lib\site-packages\sqlalchemy\sql\elements.py", line 527, in _execute_on_connection
    return connection._execute_clauseelement(
  File "C:\Users\Pedro\Desktop\EV_recharger_displacement_logistic_project\venv\lib\site-packages\sqlalchemy\engine\base.py", line 1641, in _execute_clauseelement
    ret = self._execute_context(
  File "C:\Users\Pedro\Desktop\EV_recharger_displacement_logistic_project\venv\lib\site-packages\sqlalchemy\engine\base.py", line 1846, in _execute_context
    return self._exec_single_context(
  File "C:\Users\Pedro\Desktop\EV_recharger_displacement_logistic_project\venv\lib\site-packages\sqlalchemy\engine\base.py", line 1986, in _exec_single_context
    self._handle_dbapi_exception(
  File "C:\Users\Pedro\Desktop\EV_recharger_displacement_logistic_project\venv\lib\site-packages\sqlalchemy\engine\base.py", line 2363, in _handle_dbapi_exception
    raise sqlalchemy_exception.with_traceback(exc_info[2]) from e
  File "C:\Users\Pedro\Desktop\EV_recharger_displacement_logistic_project\venv\lib\site-packages\sqlalchemy\engine\base.py", line 1967, in _exec_single_context
    self.dialect.do_execute(
  File "C:\Users\Pedro\Desktop\EV_recharger_displacement_logistic_project\venv\lib\site-packages\sqlalchemy\engine\default.py", line 952, in do_execute
    cursor.execute(statement, parameters)
sqlalchemy.exc.ProgrammingError: (psycopg2.errors.InvalidColumnReference) ERRO:  não há nenhuma restrição de unicidade ou de exclusão que corresponda à especificação ON CONFLICT

[SQL: INSERT INTO connectors (station_id, connector_code, plug_type, power_kw, is_fast, current_status) VALUES (%(station_id)s, %(connector_code)s, %(plug_type)s, %(power_kw)s, %(is_fast)s, %(current_status)s) ON CONFLICT (station_id, connector_code) DO UPDATE SET plug_type = %(param_1)s, power_kw = %(param_2)s, is_fast = %(param_3)s, current_status = %(param_4)s RETURNING connectors.id]
[parameters: {'station_id': 3, 'connector_code': '699f69dd16160c001f4593ad', 'plug_type': 'AC', 'power_kw': 7, 'is_fast': False, 'current_status': 'UNAVAILABLE', 'param_1': 'AC', 'param_2': 7, 'param_3': False, 'param_4': 'UNAVAILABLE'}]
(Background on this error at: https://sqlalche.me/e/20/f405)
2026-04-03T22:50:27 | INFO     | ingest.tupi | Tupi enrich: fetching station list
2026-04-03T22:50:33 | INFO     | httpx | HTTP Request: GET https://api.tupinambaenergia.com.br/stationsShortVersion?plugTypes=%5B%22Tipo+2%22%2C+%22CCS+2%22%2C+%22CHAdeMO%22%5D&fast=false&searchText= "HTTP/1.1 200 OK"
2026-04-03T22:50:34 | INFO     | ingest.tupi | Tupi enrich: 2090 stations found
2026-04-03T22:50:34 | INFO     | httpx | HTTP Request: GET https://api.tupinambaenergia.com.br/station/60801e0091daf254c647e46c "HTTP/1.1 200 OK"
2026-04-03T22:50:35 | INFO     | httpx | HTTP Request: GET https://api.tupinambaenergia.com.br/station/6257759ff6e87b02c955d2b0 "HTTP/1.1 200 OK"
2026-04-03T22:50:35 | INFO     | httpx | HTTP Request: GET https://api.tupinambaenergia.com.br/station/6291244301034f32ae699bf8 "HTTP/1.1 200 OK"
2026-04-03T22:50:36 | INFO     | httpx | HTTP Request: GET https://api.tupinambaenergia.com.br/station/629511c2522b8b29ab661d0b "HTTP/1.1 200 OK"
2026-04-03T22:50:36 | INFO     | httpx | HTTP Request: GET https://api.tupinambaenergia.com.br/station/62c424ef5b50546d39afa6ea "HTTP/1.1 200 OK"
2026-04-03T22:50:37 | INFO     | httpx | HTTP Request: GET https://api.tupinambaenergia.com.br/station/630f5fdc799d8e6c4870e3f0 "HTTP/1.1 200 OK"
2026-04-03T22:50:38 | INFO     | httpx | HTTP Request: GET https://api.tupinambaenergia.com.br/station/613111b7c0cf803c9b90622b "HTTP/1.1 200 OK"
2026-04-03T22:50:39 | INFO     | httpx | HTTP Request: GET https://api.tupinambaenergia.com.br/station/613111efc0cf803c9b90777e "HTTP/1.1 200 OK"
2026-04-03T22:50:39 | INFO     | httpx | HTTP Request: GET https://api.tupinambaenergia.com.br/station/6132a15fe445af10a174df3e "HTTP/1.1 200 OK"
2026-04-03T22:50:40 | INFO     | httpx | HTTP Request: GET https://api.tupinambaenergia.com.br/station/615482e555fe750ac29a17bc "HTTP/1.1 200 OK"
2026-04-03T22:50:41 | INFO     | httpx | HTTP Request: GET https://api.tupinambaenergia.com.br/station/618c6eeb92f94f0707158e7d "HTTP/1.1 200 OK"
2026-04-03T22:50:42 | INFO     | httpx | HTTP Request: GET https://api.tupinambaenergia.com.br/station/630f5f63799d8e6c4870ce3d "HTTP/1.1 200 OK"
2026-04-03T22:50:42 | INFO     | httpx | HTTP Request: GET https://api.tupinambaenergia.com.br/station/6111815a645c245c3fb03ee4 "HTTP/1.1 200 OK"
2026-04-03T22:50:43 | INFO     | httpx | HTTP Request: GET https://api.tupinambaenergia.com.br/station/612b605b63812205431c3e91 "HTTP/1.1 200 OK"
2026-04-03T22:50:43 | INFO     | httpx | HTTP Request: GET https://api.tupinambaenergia.com.br/station/61333e95e445af10a19168c4 "HTTP/1.1 200 OK"
2026-04-03T22:50:44 | INFO     | httpx | HTTP Request: GET https://api.tupinambaenergia.com.br/station/614ccd0955fe750ac2e1c06b "HTTP/1.1 200 OK"
2026-04-03T22:50:45 | INFO     | httpx | HTTP Request: GET https://api.tupinambaenergia.com.br/station/617f257f7f31a55db1c330e4 "HTTP/1.1 200 OK"
2026-04-03T22:50:45 | INFO     | httpx | HTTP Request: GET https://api.tupinambaenergia.com.br/station/61fada2b57f6c34e4da61ccf "HTTP/1.1 200 OK"
2026-04-03T22:50:46 | INFO     | httpx | HTTP Request: GET https://api.tupinambaenergia.com.br/station/62c424675b50546d39af92e7 "HTTP/1.1 200 OK"
2026-04-03T22:50:46 | INFO     | httpx | HTTP Request: GET https://api.tupinambaenergia.com.br/station/618b033e9cf248533e844d94 "HTTP/1.1 200 OK"
2026-04-03T22:50:47 | INFO     | httpx | HTTP Request: GET https://api.tupinambaenergia.com.br/station/618b038e9cf248533e845a18 "HTTP/1.1 200 OK"
2026-04-03T22:50:48 | INFO     | httpx | HTTP Request: GET https://api.tupinambaenergia.com.br/station/6257409af6e87b02c9451a51 "HTTP/1.1 200 OK"
2026-04-03T22:50:48 | INFO     | httpx | HTTP Request: GET https://api.tupinambaenergia.com.br/station/62c426e55b50546d39aff221 "HTTP/1.1 200 OK"
2026-04-03T22:50:49 | INFO     | httpx | HTTP Request: GET https://api.tupinambaenergia.com.br/station/631b58549a461d048342a1d2 "HTTP/1.1 200 OK"
2026-04-03T22:50:50 | INFO     | httpx | HTTP Request: GET https://api.tupinambaenergia.com.br/station/631b59b29a461d048342ea31 "HTTP/1.1 200 OK"
2026-04-03T22:50:50 | INFO     | httpx | HTTP Request: GET https://api.tupinambaenergia.com.br/station/61333f5fe445af10a191956b "HTTP/1.1 200 OK"
2026-04-03T22:50:51 | INFO     | httpx | HTTP Request: GET https://api.tupinambaenergia.com.br/station/61334000e445af10a191bbae "HTTP/1.1 200 OK"
2026-04-03T22:50:51 | INFO     | httpx | HTTP Request: GET https://api.tupinambaenergia.com.br/station/637bca109c620356f13e8794 "HTTP/1.1 200 OK"
2026-04-03T22:50:52 | INFO     | httpx | HTTP Request: GET https://api.tupinambaenergia.com.br/station/63a06094e72085338cbbdd8a "HTTP/1.1 200 OK"
2026-04-03T22:50:53 | INFO     | httpx | HTTP Request: GET https://api.tupinambaenergia.com.br/station/63a1f6c4cb17c8156bf7d33c "HTTP/1.1 200 OK"
2026-04-03T22:50:53 | INFO     | httpx | HTTP Request: GET https://api.tupinambaenergia.com.br/station/6350254ef565e27a2759fb84 "HTTP/1.1 200 OK"
2026-04-03T22:50:54 | INFO     | httpx | HTTP Request: GET https://api.tupinambaenergia.com.br/station/6398cc02bce3f35b01349719 "HTTP/1.1 200 OK"
2026-04-03T22:50:55 | INFO     | httpx | HTTP Request: GET https://api.tupinambaenergia.com.br/station/63b57ff1eb909267792bf9f5 "HTTP/1.1 200 OK"
2026-04-03T22:50:55 | INFO     | httpx | HTTP Request: GET https://api.tupinambaenergia.com.br/station/6424982b3f62b239d763cc9c "HTTP/1.1 200 OK"
2026-04-03T22:50:56 | INFO     | httpx | HTTP Request: GET https://api.tupinambaenergia.com.br/station/64e3cfb4c873ba51c7c28968 "HTTP/1.1 200 OK"
2026-04-03T22:50:56 | INFO     | httpx | HTTP Request: GET https://api.tupinambaenergia.com.br/station/65119a98c9ec930a227ec783 "HTTP/1.1 200 OK"
2026-04-03T22:50:57 | INFO     | httpx | HTTP Request: GET https://api.tupinambaenergia.com.br/station/6532eb160b44965732f50e18 "HTTP/1.1 200 OK"
2026-04-03T22:50:58 | INFO     | httpx | HTTP Request: GET https://api.tupinambaenergia.com.br/station/6540f993f2ad8f629a4264d1 "HTTP/1.1 200 OK"
2026-04-03T22:50:58 | INFO     | httpx | HTTP Request: GET https://api.tupinambaenergia.com.br/station/6560a9506ef0594a23535b61 "HTTP/1.1 200 OK"
2026-04-03T22:50:59 | INFO     | httpx | HTTP Request: GET https://api.tupinambaenergia.com.br/station/657c9d39416a363cd07b50a0 "HTTP/1.1 200 OK"
2026-04-03T22:51:00 | INFO     | httpx | HTTP Request: GET https://api.tupinambaenergia.com.br/station/65a952a4740bb51bdc4fb7c4 "HTTP/1.1 200 OK"
2026-04-03T22:51:00 | INFO     | httpx | HTTP Request: GET https://api.tupinambaenergia.com.br/station/65e858125f2c760008fa2462 "HTTP/1.1 200 OK"
2026-04-03T22:51:01 | INFO     | httpx | HTTP Request: GET https://api.tupinambaenergia.com.br/station/65e9f631e4e13b0008494b62 "HTTP/1.1 200 OK"
2026-04-03T22:51:01 | INFO     | httpx | HTTP Request: GET https://api.tupinambaenergia.com.br/station/65ef72288c756000093087d7 "HTTP/1.1 200 OK"
2026-04-03T22:51:02 | INFO     | httpx | HTTP Request: GET https://api.tupinambaenergia.com.br/station/65f092d28c7560000927f182 "HTTP/1.1 200 OK"
2026-04-03T22:51:03 | INFO     | httpx | HTTP Request: GET https://api.tupinambaenergia.com.br/station/63cef214b125ff391972e594 "HTTP/1.1 200 OK"
2026-04-03T22:51:03 | INFO     | httpx | HTTP Request: GET https://api.tupinambaenergia.com.br/station/63dd041c74a71959c81cd673 "HTTP/1.1 200 OK"
2026-04-03T22:51:04 | INFO     | httpx | HTTP Request: GET https://api.tupinambaenergia.com.br/station/640a19c42cc1091c6cd83807 "HTTP/1.1 200 OK"
2026-04-03T22:51:04 | INFO     | httpx | HTTP Request: GET https://api.tupinambaenergia.com.br/station/646541b725945315b333efea "HTTP/1.1 200 OK"
2026-04-03T22:51:05 | INFO     | httpx | HTTP Request: GET https://api.tupinambaenergia.com.br/station/646cc33625945315b311bd1d "HTTP/1.1 200 OK"
2026-04-03T22:51:06 | INFO     | httpx | HTTP Request: GET https://api.tupinambaenergia.com.br/station/64cbc43ec049bf5758e8f3fd "HTTP/1.1 200 OK"
2026-04-03T22:51:06 | INFO     | httpx | HTTP Request: GET https://api.tupinambaenergia.com.br/station/63616238adc67964131862c9 "HTTP/1.1 200 OK"
2026-04-03T22:51:07 | INFO     | httpx | HTTP Request: GET https://api.tupinambaenergia.com.br/station/636c04359cfb8e7a0d2e4b53 "HTTP/1.1 200 OK"
2026-04-03T22:51:08 | INFO     | httpx | HTTP Request: GET https://api.tupinambaenergia.com.br/station/636c05da9cfb8e7a0d2ead05 "HTTP/1.1 200 OK"
2026-04-03T22:51:08 | INFO     | httpx | HTTP Request: GET https://api.tupinambaenergia.com.br/station/637bcabe9c620356f13eb159 "HTTP/1.1 200 OK"
2026-04-03T22:51:09 | INFO     | httpx | HTTP Request: GET https://api.tupinambaenergia.com.br/station/6356ae81f565e27a27c762be "HTTP/1.1 200 OK"
2026-04-03T22:51:10 | INFO     | httpx | HTTP Request: GET https://api.tupinambaenergia.com.br/station/637f67dd7f51a371d59c16bc "HTTP/1.1 200 OK"
2026-04-03T22:51:10 | INFO     | httpx | HTTP Request: GET https://api.tupinambaenergia.com.br/station/6388abeff5370501b76444da "HTTP/1.1 200 OK"
2026-04-03T22:51:11 | INFO     | httpx | HTTP Request: GET https://api.tupinambaenergia.com.br/station/638e2c1e8247003889ace68c "HTTP/1.1 200 OK"
2026-04-03T22:51:12 | INFO     | httpx | HTTP Request: GET https://api.tupinambaenergia.com.br/station/639871b34e295b0c9bbdbad3 "HTTP/1.1 200 OK"
2026-04-03T22:51:12 | INFO     | httpx | HTTP Request: GET https://api.tupinambaenergia.com.br/station/6398cb0bbce3f35b0134534f "HTTP/1.1 200 OK"
2026-04-03T22:51:13 | INFO     | httpx | HTTP Request: GET https://api.tupinambaenergia.com.br/station/63a1f729cb17c8156bf7f654 "HTTP/1.1 200 OK"
2026-04-03T22:51:14 | INFO     | httpx | HTTP Request: GET https://api.tupinambaenergia.com.br/station/63d7cae2b4cfbf092cc20409 "HTTP/1.1 200 OK"
2026-04-03T22:51:14 | INFO     | httpx | HTTP Request: GET https://api.tupinambaenergia.com.br/station/640a35a32cc1091c6ce81d06 "HTTP/1.1 200 OK"
2026-04-03T22:51:15 | INFO     | httpx | HTTP Request: GET https://api.tupinambaenergia.com.br/station/64b03f3798a38d4c814c97a1 "HTTP/1.1 200 OK"
2026-04-03T22:51:15 | INFO     | httpx | HTTP Request: GET https://api.tupinambaenergia.com.br/station/65038143b6ded6787a61560e "HTTP/1.1 200 OK"
2026-04-03T22:51:16 | INFO     | httpx | HTTP Request: GET https://api.tupinambaenergia.com.br/station/650d8802c9ec930a22a882d5 "HTTP/1.1 200 OK"
2026-04-03T22:51:17 | INFO     | httpx | HTTP Request: GET https://api.tupinambaenergia.com.br/station/6560a4fb6ef0594a235026f4 "HTTP/1.1 200 OK"
2026-04-03T22:51:17 | INFO     | httpx | HTTP Request: GET https://api.tupinambaenergia.com.br/station/6560a9fd6ef0594a2353e04f "HTTP/1.1 200 OK"
2026-04-03T22:51:18 | INFO     | httpx | HTTP Request: GET https://api.tupinambaenergia.com.br/station/65f069ee8c7560000904a513 "HTTP/1.1 200 OK"
2026-04-03T22:51:19 | INFO     | httpx | HTTP Request: GET https://api.tupinambaenergia.com.br/station/660451dc559d8200099d9ac0 "HTTP/1.1 200 OK"
2026-04-03T22:51:19 | INFO     | httpx | HTTP Request: GET https://api.tupinambaenergia.com.br/station/660576157db6340009baf22c "HTTP/1.1 200 OK"
2026-04-03T22:51:20 | INFO     | httpx | HTTP Request: GET https://api.tupinambaenergia.com.br/station/661e72f3890a1f00094a2ebc "HTTP/1.1 200 OK"
2026-04-03T22:51:20 | INFO     | httpx | HTTP Request: GET https://api.tupinambaenergia.com.br/station/63c162f2bd5a197398cabb91 "HTTP/1.1 200 OK"
2026-04-03T22:51:21 | INFO     | httpx | HTTP Request: GET https://api.tupinambaenergia.com.br/station/63d7cd93b4cfbf092cc373f4 "HTTP/1.1 200 OK"
2026-04-03T22:51:22 | INFO     | httpx | HTTP Request: GET https://api.tupinambaenergia.com.br/station/63e14f2c1d401b5570bf2d77 "HTTP/1.1 200 OK"
2026-04-03T22:51:22 | INFO     | httpx | HTTP Request: GET https://api.tupinambaenergia.com.br/station/63e14f841d401b5570bf5de6 "HTTP/1.1 200 OK"
2026-04-03T22:51:23 | INFO     | httpx | HTTP Request: GET https://api.tupinambaenergia.com.br/station/64079ed56bdc970ac46ea2b4 "HTTP/1.1 200 OK"
2026-04-03T22:51:24 | INFO     | httpx | HTTP Request: GET https://api.tupinambaenergia.com.br/station/640a180e2cc1091c6cd73a37 "HTTP/1.1 200 OK"
2026-04-03T22:51:24 | INFO     | httpx | HTTP Request: GET https://api.tupinambaenergia.com.br/station/6439b763c943f132415afb81 "HTTP/1.1 200 OK"
2026-04-03T22:51:25 | INFO     | httpx | HTTP Request: GET https://api.tupinambaenergia.com.br/station/653970d2f0bce35cf17e7dfc "HTTP/1.1 200 OK"
2026-04-03T22:51:25 | INFO     | httpx | HTTP Request: GET https://api.tupinambaenergia.com.br/station/65397327f0bce35cf1801e6c "HTTP/1.1 200 OK"
2026-04-03T22:51:26 | INFO     | httpx | HTTP Request: GET https://api.tupinambaenergia.com.br/station/6560a7e76ef0594a2352514d "HTTP/1.1 200 OK"
2026-04-03T22:51:27 | INFO     | httpx | HTTP Request: GET https://api.tupinambaenergia.com.br/station/65a7fb18740bb51bdc409c87 "HTTP/1.1 200 OK"
2026-04-03T22:51:27 | INFO     | httpx | HTTP Request: GET https://api.tupinambaenergia.com.br/station/65f08ce08c7560000922ce3f "HTTP/1.1 200 OK"
2026-04-03T22:51:28 | INFO     | httpx | HTTP Request: GET https://api.tupinambaenergia.com.br/station/65fdc6ad92026c0009315e97 "HTTP/1.1 200 OK"
2026-04-03T22:51:29 | INFO     | httpx | HTTP Request: GET https://api.tupinambaenergia.com.br/station/649b1a5961355275968000aa "HTTP/1.1 200 OK"
2026-04-03T22:51:29 | INFO     | httpx | HTTP Request: GET https://api.tupinambaenergia.com.br/station/64cbf494c049bf575809ac03 "HTTP/1.1 200 OK"
2026-04-03T22:51:30 | INFO     | httpx | HTTP Request: GET https://api.tupinambaenergia.com.br/station/651dd7f330f0d0151231d1c7 "HTTP/1.1 200 OK"
2026-04-03T22:51:31 | INFO     | httpx | HTTP Request: GET https://api.tupinambaenergia.com.br/station/6539713ff0bce35cf17ed0f2 "HTTP/1.1 200 OK"
2026-04-03T22:51:31 | INFO     | httpx | HTTP Request: GET https://api.tupinambaenergia.com.br/station/6560a5dd6ef0594a2350cd68 "HTTP/1.1 200 OK"
2026-04-03T22:51:32 | INFO     | httpx | HTTP Request: GET https://api.tupinambaenergia.com.br/station/657b11c9416a363cd04bdc6a "HTTP/1.1 200 OK"
2026-04-03T22:51:32 | INFO     | httpx | HTTP Request: GET https://api.tupinambaenergia.com.br/station/657cad69416a363cd087d21c "HTTP/1.1 200 OK"
2026-04-03T22:51:33 | INFO     | httpx | HTTP Request: GET https://api.tupinambaenergia.com.br/station/65a58f2526ce465a5da06f00 "HTTP/1.1 200 OK"
2026-04-03T22:51:34 | INFO     | httpx | HTTP Request: GET https://api.tupinambaenergia.com.br/station/65b16df90d78cf66f838c136 "HTTP/1.1 200 OK"
2026-04-03T22:51:34 | INFO     | httpx | HTTP Request: GET https://api.tupinambaenergia.com.br/station/65e09d10f2959700088157b9 "HTTP/1.1 200 OK"
2026-04-03T22:51:35 | INFO     | httpx | HTTP Request: GET https://api.tupinambaenergia.com.br/station/65ef54a28c75600009170bb6 "HTTP/1.1 200 OK"
2026-04-03T22:51:36 | INFO     | httpx | HTTP Request: GET https://api.tupinambaenergia.com.br/station/6601da9592026c0009e6ae6b "HTTP/1.1 200 OK"
2026-04-03T22:51:36 | INFO     | httpx | HTTP Request: GET https://api.tupinambaenergia.com.br/station/66042c31038f07000937c7fa "HTTP/1.1 200 OK"
2026-04-03T22:51:37 | INFO     | httpx | HTTP Request: GET https://api.tupinambaenergia.com.br/station/660578d77db6340009bcd85d "HTTP/1.1 200 OK"
2026-04-03T22:51:37 | INFO     | ingest.tupi | Tupi enrich: processed 100 / 2090
2026-04-03T22:51:38 | INFO     | httpx | HTTP Request: GET https://api.tupinambaenergia.com.br/station/6630de1d1c5e380009b8ff76 "HTTP/1.1 200 OK"
2026-04-03T22:51:38 | INFO     | httpx | HTTP Request: GET https://api.tupinambaenergia.com.br/station/670546463352cc001e863524 "HTTP/1.1 200 OK"
2026-04-03T22:51:39 | INFO     | httpx | HTTP Request: GET https://api.tupinambaenergia.com.br/station/67100473439471001e96740f "HTTP/1.1 200 OK"
2026-04-03T22:51:39 | INFO     | httpx | HTTP Request: GET https://api.tupinambaenergia.com.br/station/6705757d81b753001e1080b4 "HTTP/1.1 200 OK"
2026-04-03T22:51:40 | INFO     | httpx | HTTP Request: GET https://api.tupinambaenergia.com.br/station/6705716f3352cc001e89834d "HTTP/1.1 200 OK"
2026-04-03T22:51:41 | INFO     | httpx | HTTP Request: GET https://api.tupinambaenergia.com.br/station/65e8a5c65f2c7600083d1f2c "HTTP/1.1 200 OK"
2026-04-03T22:51:41 | INFO     | httpx | HTTP Request: GET https://api.tupinambaenergia.com.br/station/65f06fb78c7560000909adc9 "HTTP/1.1 200 OK"
2026-04-03T22:51:42 | INFO     | httpx | HTTP Request: GET https://api.tupinambaenergia.com.br/station/65f1e83f8c756000094d930d "HTTP/1.1 200 OK"
2026-04-03T22:51:42 | INFO     | httpx | HTTP Request: GET https://api.tupinambaenergia.com.br/station/6604318b038f0700093b02ba "HTTP/1.1 200 OK"
2026-04-03T22:51:43 | INFO     | httpx | HTTP Request: GET https://api.tupinambaenergia.com.br/station/660576d67db6340009bb7968 "HTTP/1.1 200 OK"
2026-04-03T22:51:44 | INFO     | httpx | HTTP Request: GET https://api.tupinambaenergia.com.br/station/66291edc0e77570009a8e7a1 "HTTP/1.1 200 OK"
2026-04-03T22:51:44 | INFO     | httpx | HTTP Request: GET https://api.tupinambaenergia.com.br/station/65ef51ad8c75600009147f64 "HTTP/1.1 200 OK"
2026-04-03T22:51:45 | INFO     | httpx | HTTP Request: GET https://api.tupinambaenergia.com.br/station/65f0919a8c7560000926e428 "HTTP/1.1 200 OK"
2026-04-03T22:51:46 | INFO     | httpx | HTTP Request: GET https://api.tupinambaenergia.com.br/station/65f0aadc8c756000093cc5f4 "HTTP/1.1 200 OK"
2026-04-03T22:51:46 | INFO     | httpx | HTTP Request: GET https://api.tupinambaenergia.com.br/station/66042bb792026c0009211e88 "HTTP/1.1 200 OK"
2026-04-03T22:51:47 | INFO     | httpx | HTTP Request: GET https://api.tupinambaenergia.com.br/station/66213ba5edb2c200099c0b0f "HTTP/1.1 200 OK"
2026-04-03T22:51:47 | INFO     | httpx | HTTP Request: GET https://api.tupinambaenergia.com.br/station/6630dd949865210009c8658e "HTTP/1.1 200 OK"
2026-04-03T22:51:48 | INFO     | httpx | HTTP Request: GET https://api.tupinambaenergia.com.br/station/6630de941c5e380009b90a3b "HTTP/1.1 200 OK"
2026-04-03T22:51:49 | INFO     | httpx | HTTP Request: GET https://api.tupinambaenergia.com.br/station/664e04049cdfda00210337c0 "HTTP/1.1 200 OK"
2026-04-03T22:51:49 | INFO     | httpx | HTTP Request: GET https://api.tupinambaenergia.com.br/station/65a9511a740bb51bdc4e7a1d "HTTP/1.1 200 OK"
2026-04-03T22:51:50 | INFO     | httpx | HTTP Request: GET https://api.tupinambaenergia.com.br/station/65bbb80bc9c84a00087239d8 "HTTP/1.1 200 OK"
2026-04-03T22:51:51 | INFO     | httpx | HTTP Request: GET https://api.tupinambaenergia.com.br/station/65c278e4d19d470008fe3798 "HTTP/1.1 200 OK"
2026-04-03T22:51:51 | INFO     | httpx | HTTP Request: GET https://api.tupinambaenergia.com.br/station/65e20731597bfc0008260f35 "HTTP/1.1 200 OK"
2026-04-03T22:51:52 | INFO     | httpx | HTTP Request: GET https://api.tupinambaenergia.com.br/station/65e9f5c2e4e13b000848eee4 "HTTP/1.1 200 OK"
2026-04-03T22:51:52 | INFO     | httpx | HTTP Request: GET https://api.tupinambaenergia.com.br/station/66045031559d8200099c738e "HTTP/1.1 200 OK"
2026-04-03T22:51:53 | INFO     | httpx | HTTP Request: GET https://api.tupinambaenergia.com.br/station/664653845987540021877473 "HTTP/1.1 200 OK"
2026-04-03T22:51:54 | INFO     | httpx | HTTP Request: GET https://api.tupinambaenergia.com.br/station/65afb77b740bb51bdc6db11b "HTTP/1.1 200 OK"
2026-04-03T22:51:54 | INFO     | httpx | HTTP Request: GET https://api.tupinambaenergia.com.br/station/65eb532ce1fd310008d04e9e "HTTP/1.1 200 OK"
2026-04-03T22:51:55 | INFO     | httpx | HTTP Request: GET https://api.tupinambaenergia.com.br/station/65ef58758c756000091a5780 "HTTP/1.1 200 OK"
2026-04-03T22:51:56 | INFO     | httpx | HTTP Request: GET https://api.tupinambaenergia.com.br/station/65f064468c75600009ffc47c "HTTP/1.1 200 OK"
2026-04-03T22:51:56 | INFO     | httpx | HTTP Request: GET https://api.tupinambaenergia.com.br/station/66015693038f070009cbadd1 "HTTP/1.1 200 OK"
2026-04-03T22:51:57 | INFO     | httpx | HTTP Request: GET https://api.tupinambaenergia.com.br/station/66046284559d820009a8f73f "HTTP/1.1 200 OK"
2026-04-03T22:51:57 | INFO     | httpx | HTTP Request: GET https://api.tupinambaenergia.com.br/station/664e5f52b8c1e00021b0c395 "HTTP/1.1 200 OK"
2026-04-03T22:51:58 | INFO     | httpx | HTTP Request: GET https://api.tupinambaenergia.com.br/station/6650ee653df29800218773fb "HTTP/1.1 200 OK"
2026-04-03T22:51:59 | INFO     | httpx | HTTP Request: GET https://api.tupinambaenergia.com.br/station/665e1d214c523f0021c09744 "HTTP/1.1 200 OK"
2026-04-03T22:51:59 | INFO     | httpx | HTTP Request: GET https://api.tupinambaenergia.com.br/station/66634159b5f7030021b33284 "HTTP/1.1 200 OK"
2026-04-03T22:52:00 | INFO     | httpx | HTTP Request: GET https://api.tupinambaenergia.com.br/station/66a96cd2ea14b300212f445c "HTTP/1.1 200 OK"
2026-04-03T22:52:00 | INFO     | httpx | HTTP Request: GET https://api.tupinambaenergia.com.br/station/66abc7bcd5a5fb0021d9cb3a "HTTP/1.1 200 OK"
2026-04-03T22:52:01 | INFO     | httpx | HTTP Request: GET https://api.tupinambaenergia.com.br/station/66b263191612e9002126787d "HTTP/1.1 200 OK"
2026-04-03T22:52:02 | INFO     | httpx | HTTP Request: GET https://api.tupinambaenergia.com.br/station/66b3c8c8be9be400226b5bfb "HTTP/1.1 200 OK"
2026-04-03T22:52:02 | INFO     | httpx | HTTP Request: GET https://api.tupinambaenergia.com.br/station/66bd09a5427ddb00215e17f8 "HTTP/1.1 200 OK"
2026-04-03T22:52:03 | INFO     | httpx | HTTP Request: GET https://api.tupinambaenergia.com.br/station/66c348512792f90021cc35b5 "HTTP/1.1 200 OK"
2026-04-03T22:52:04 | INFO     | httpx | HTTP Request: GET https://api.tupinambaenergia.com.br/station/66c77823ab2d44001e34c7d2 "HTTP/1.1 200 OK"
2026-04-03T22:52:04 | INFO     | httpx | HTTP Request: GET https://api.tupinambaenergia.com.br/station/66d771748de65a001e93fea0 "HTTP/1.1 200 OK"
2026-04-03T22:52:05 | INFO     | httpx | HTTP Request: GET https://api.tupinambaenergia.com.br/station/66e197c123f67e001ee336b0 "HTTP/1.1 200 OK"
2026-04-03T22:52:05 | INFO     | httpx | HTTP Request: GET https://api.tupinambaenergia.com.br/station/66eada182a205b001e417186 "HTTP/1.1 200 OK"
2026-04-03T22:52:06 | INFO     | httpx | HTTP Request: GET https://api.tupinambaenergia.com.br/station/66f57878deba47001e6e972f "HTTP/1.1 200 OK"
2026-04-03T22:52:07 | INFO     | httpx | HTTP Request: GET https://api.tupinambaenergia.com.br/station/66fc0d3523179c001e16c540 "HTTP/1.1 200 OK"
2026-04-03T22:52:07 | INFO     | httpx | HTTP Request: GET https://api.tupinambaenergia.com.br/station/66fe99839c03a7001e9d1101 "HTTP/1.1 200 OK"
2026-04-03T22:52:08 | INFO     | httpx | HTTP Request: GET https://api.tupinambaenergia.com.br/station/6704019bda9f7f001e66a1fd "HTTP/1.1 200 OK"
2026-04-03T22:52:09 | INFO     | httpx | HTTP Request: GET https://api.tupinambaenergia.com.br/station/67053e1c81b753001e0be7e2 "HTTP/1.1 200 OK"
2026-04-03T22:52:09 | INFO     | httpx | HTTP Request: GET https://api.tupinambaenergia.com.br/station/6712740dfa9369001e770385 "HTTP/1.1 200 OK"
2026-04-03T22:52:10 | INFO     | httpx | HTTP Request: GET https://api.tupinambaenergia.com.br/station/665494f11844ec0021b7f54f "HTTP/1.1 200 OK"
2026-04-03T22:52:11 | INFO     | httpx | HTTP Request: GET https://api.tupinambaenergia.com.br/station/6669b6ce50cdd70021e550d9 "HTTP/1.1 200 OK"
2026-04-03T22:52:11 | INFO     | httpx | HTTP Request: GET https://api.tupinambaenergia.com.br/station/6671c0ad6ce3c000217df01c "HTTP/1.1 200 OK"
2026-04-03T22:52:12 | INFO     | httpx | HTTP Request: GET https://api.tupinambaenergia.com.br/station/66a96d3dea14b300212f5f73 "HTTP/1.1 200 OK"
2026-04-03T22:52:13 | INFO     | httpx | HTTP Request: GET https://api.tupinambaenergia.com.br/station/66a96d5dea14b300212f5fdf "HTTP/1.1 200 OK"
2026-04-03T22:52:13 | INFO     | httpx | HTTP Request: GET https://api.tupinambaenergia.com.br/station/66a96dceea14b300212f7c02 "HTTP/1.1 200 OK"
2026-04-03T22:52:14 | INFO     | httpx | HTTP Request: GET https://api.tupinambaenergia.com.br/station/66a96df3ea14b300212f895f "HTTP/1.1 200 OK"
2026-04-03T22:52:14 | INFO     | httpx | HTTP Request: GET https://api.tupinambaenergia.com.br/station/66aa8e13b681c1002162a813 "HTTP/1.1 200 OK"
2026-04-03T22:52:15 | INFO     | httpx | HTTP Request: GET https://api.tupinambaenergia.com.br/station/66bd0a418f9ec100214f974b "HTTP/1.1 200 OK"
2026-04-03T22:52:16 | INFO     | httpx | HTTP Request: GET https://api.tupinambaenergia.com.br/station/66c34b199dbfe9002196d274 "HTTP/1.1 200 OK"
2026-04-03T22:52:16 | INFO     | httpx | HTTP Request: GET https://api.tupinambaenergia.com.br/station/66c5d8fa88cad3001e6ff0e2 "HTTP/1.1 200 OK"
2026-04-03T22:52:17 | INFO     | httpx | HTTP Request: GET https://api.tupinambaenergia.com.br/station/66ede17ad37462001e976aed "HTTP/1.1 200 OK"
2026-04-03T22:52:17 | INFO     | httpx | HTTP Request: GET https://api.tupinambaenergia.com.br/station/66f3fde65d8452001e468183 "HTTP/1.1 200 OK"
2026-04-03T22:52:18 | INFO     | httpx | HTTP Request: GET https://api.tupinambaenergia.com.br/station/66f419fd395fb6001e474495 "HTTP/1.1 200 OK"
2026-04-03T22:52:19 | INFO     | httpx | HTTP Request: GET https://api.tupinambaenergia.com.br/station/66f429cb395fb6001e4beeeb "HTTP/1.1 200 OK"
2026-04-03T22:52:19 | INFO     | httpx | HTTP Request: GET https://api.tupinambaenergia.com.br/station/66f6b23106e959001e9553f7 "HTTP/1.1 200 OK"
2026-04-03T22:52:20 | INFO     | httpx | HTTP Request: GET https://api.tupinambaenergia.com.br/station/66fd6bab5b2359001e0b2707 "HTTP/1.1 200 OK"
2026-04-03T22:52:21 | INFO     | httpx | HTTP Request: GET https://api.tupinambaenergia.com.br/station/66fd95ef5b2359001e0edbef "HTTP/1.1 200 OK"
2026-04-03T22:52:21 | INFO     | httpx | HTTP Request: GET https://api.tupinambaenergia.com.br/station/66fee7705292e4001e54d1c4 "HTTP/1.1 200 OK"
2026-04-03T22:52:22 | INFO     | httpx | HTTP Request: GET https://api.tupinambaenergia.com.br/station/66fefb27e5eeb2001eb08725 "HTTP/1.1 200 OK"
2026-04-03T22:52:22 | INFO     | httpx | HTTP Request: GET https://api.tupinambaenergia.com.br/station/6705432581b753001e0c41b7 "HTTP/1.1 200 OK"
2026-04-03T22:52:23 | INFO     | httpx | HTTP Request: GET https://api.tupinambaenergia.com.br/station/670543c581b753001e0c4617 "HTTP/1.1 200 OK"
2026-04-03T22:52:24 | INFO     | httpx | HTTP Request: GET https://api.tupinambaenergia.com.br/station/6669b5d76aec64002128c383 "HTTP/1.1 200 OK"
2026-04-03T22:52:24 | INFO     | httpx | HTTP Request: GET https://api.tupinambaenergia.com.br/station/667436a24c46140021d9b6d0 "HTTP/1.1 200 OK"
2026-04-03T22:52:25 | INFO     | httpx | HTTP Request: GET https://api.tupinambaenergia.com.br/station/667c4df7bf73630021c348d5 "HTTP/1.1 200 OK"
2026-04-03T22:52:25 | INFO     | httpx | HTTP Request: GET https://api.tupinambaenergia.com.br/station/66a1416297c0620022973179 "HTTP/1.1 200 OK"
2026-04-03T22:52:26 | INFO     | httpx | HTTP Request: GET https://api.tupinambaenergia.com.br/station/66a29a80d50bc900217bf79f "HTTP/1.1 200 OK"
2026-04-03T22:52:27 | INFO     | httpx | HTTP Request: GET https://api.tupinambaenergia.com.br/station/66a96ca157208b0022cde557 "HTTP/1.1 200 OK"
2026-04-03T22:52:27 | INFO     | httpx | HTTP Request: GET https://api.tupinambaenergia.com.br/station/66aa859cb681c10021608b71 "HTTP/1.1 200 OK"
2026-04-03T22:52:28 | INFO     | httpx | HTTP Request: GET https://api.tupinambaenergia.com.br/station/66aa8bd408f66600216b642f "HTTP/1.1 200 OK"
2026-04-03T22:52:29 | INFO     | httpx | HTTP Request: GET https://api.tupinambaenergia.com.br/station/66abc822d5a5fb0021d9e755 "HTTP/1.1 200 OK"
2026-04-03T22:52:30 | INFO     | httpx | HTTP Request: GET https://api.tupinambaenergia.com.br/station/66abc8a6d5a5fb0021d9f6f3 "HTTP/1.1 200 OK"
2026-04-03T22:52:30 | INFO     | httpx | HTTP Request: GET https://api.tupinambaenergia.com.br/station/66abca42adf5f60022c7c72c "HTTP/1.1 200 OK"
2026-04-03T22:52:31 | INFO     | httpx | HTTP Request: GET https://api.tupinambaenergia.com.br/station/66b9feb9787dc20021a4c7f6 "HTTP/1.1 200 OK"
2026-04-03T22:52:32 | INFO     | httpx | HTTP Request: GET https://api.tupinambaenergia.com.br/station/66d5d7ab3946ca001ecff0a8 "HTTP/1.1 200 OK"
2026-04-03T22:52:32 | INFO     | httpx | HTTP Request: GET https://api.tupinambaenergia.com.br/station/66d73300bed421001ed9ecdb "HTTP/1.1 200 OK"
2026-04-03T22:52:33 | INFO     | httpx | HTTP Request: GET https://api.tupinambaenergia.com.br/station/66e05d4430418c001f6faf62 "HTTP/1.1 200 OK"
2026-04-03T22:52:34 | INFO     | httpx | HTTP Request: GET https://api.tupinambaenergia.com.br/station/66e830b6324599001e92a4f0 "HTTP/1.1 200 OK"
2026-04-03T22:52:34 | INFO     | httpx | HTTP Request: GET https://api.tupinambaenergia.com.br/station/66ec6ca7315488001ec1d2de "HTTP/1.1 200 OK"
2026-04-03T22:52:35 | INFO     | httpx | HTTP Request: GET https://api.tupinambaenergia.com.br/station/66f406895d8452001e489952 "HTTP/1.1 200 OK"
2026-04-03T22:52:35 | INFO     | httpx | HTTP Request: GET https://api.tupinambaenergia.com.br/station/66f57840f4852a001fd79e5f "HTTP/1.1 200 OK"
2026-04-03T22:52:36 | INFO     | httpx | HTTP Request: GET https://api.tupinambaenergia.com.br/station/66f6b9c5a86621001ef3a9d6 "HTTP/1.1 200 OK"
2026-04-03T22:52:37 | INFO     | httpx | HTTP Request: GET https://api.tupinambaenergia.com.br/station/67054a60c92965001f5f1cb6 "HTTP/1.1 200 OK"
2026-04-03T22:52:37 | INFO     | httpx | HTTP Request: GET https://api.tupinambaenergia.com.br/station/670eb3214acdfd001f675a13 "HTTP/1.1 200 OK"
2026-04-03T22:52:38 | INFO     | httpx | HTTP Request: GET https://api.tupinambaenergia.com.br/station/6705713081b753001e101221 "HTTP/1.1 200 OK"
2026-04-03T22:52:39 | INFO     | httpx | HTTP Request: GET https://api.tupinambaenergia.com.br/station/67057294c92965001f629501 "HTTP/1.1 200 OK"
2026-04-03T22:52:39 | INFO     | httpx | HTTP Request: GET https://api.tupinambaenergia.com.br/station/6708294fcdfd30001efcc381 "HTTP/1.1 200 OK"
2026-04-03T22:52:40 | INFO     | httpx | HTTP Request: GET https://api.tupinambaenergia.com.br/station/66831f71abd88200210a7c76 "HTTP/1.1 200 OK"
2026-04-03T22:52:40 | INFO     | ingest.tupi | Tupi enrich: processed 200 / 2090
2026-04-03T22:52:41 | INFO     | httpx | HTTP Request: GET https://api.tupinambaenergia.com.br/station/66993b8ee10a3b00220e3b08 "HTTP/1.1 200 OK"
2026-04-03T22:52:41 | INFO     | httpx | HTTP Request: GET https://api.tupinambaenergia.com.br/station/66a287fc6d845200213dba70 "HTTP/1.1 200 OK"
2026-04-03T22:52:42 | INFO     | httpx | HTTP Request: GET https://api.tupinambaenergia.com.br/station/66abc7550f41d900218a9b11 "HTTP/1.1 200 OK"
2026-04-03T22:52:42 | INFO     | httpx | HTTP Request: GET https://api.tupinambaenergia.com.br/station/66abc88cd5a5fb0021d9f65a "HTTP/1.1 200 OK"
2026-04-03T22:52:43 | INFO     | httpx | HTTP Request: GET https://api.tupinambaenergia.com.br/station/66abc911d5a5fb0021da20bb "HTTP/1.1 200 OK"
2026-04-03T22:52:44 | INFO     | httpx | HTTP Request: GET https://api.tupinambaenergia.com.br/station/66b61be2c35d3c0021993e46 "HTTP/1.1 200 OK"
2026-04-03T22:52:44 | INFO     | httpx | HTTP Request: GET https://api.tupinambaenergia.com.br/station/66d0906c503f69001e0262c4 "HTTP/1.1 200 OK"
2026-04-03T22:52:45 | INFO     | httpx | HTTP Request: GET https://api.tupinambaenergia.com.br/station/66e05d1630418c001f6f80f6 "HTTP/1.1 200 OK"
2026-04-03T22:52:45 | INFO     | httpx | HTTP Request: GET https://api.tupinambaenergia.com.br/station/66e3054232d984001e748003 "HTTP/1.1 200 OK"
2026-04-03T22:52:46 | INFO     | httpx | HTTP Request: GET https://api.tupinambaenergia.com.br/station/66f3fedb395fb6001e3ff731 "HTTP/1.1 200 OK"
2026-04-03T22:52:47 | INFO     | httpx | HTTP Request: GET https://api.tupinambaenergia.com.br/station/66f4720ddeba47001e1f24e8 "HTTP/1.1 200 OK"
2026-04-03T22:52:47 | INFO     | httpx | HTTP Request: GET https://api.tupinambaenergia.com.br/station/66f5882cdeba47001e72c3ef "HTTP/1.1 200 OK"
2026-04-03T22:52:48 | INFO     | httpx | HTTP Request: GET https://api.tupinambaenergia.com.br/station/67003cede5eeb2001ed0246b "HTTP/1.1 200 OK"
2026-04-03T22:52:48 | INFO     | httpx | HTTP Request: GET https://api.tupinambaenergia.com.br/station/670547133352cc001e865acd "HTTP/1.1 200 OK"
2026-04-03T22:52:49 | INFO     | httpx | HTTP Request: GET https://api.tupinambaenergia.com.br/station/63c161c5bd5a197398ca2a8d "HTTP/1.1 200 OK"
2026-04-03T22:52:50 | INFO     | httpx | HTTP Request: GET https://api.tupinambaenergia.com.br/station/63bd6db364acbe29b5e8e7e6 "HTTP/1.1 200 OK"
2026-04-03T22:52:50 | INFO     | httpx | HTTP Request: GET https://api.tupinambaenergia.com.br/station/63b70650eb90926779d5f8a9 "HTTP/1.1 200 OK"
2026-04-03T22:52:51 | INFO     | httpx | HTTP Request: GET https://api.tupinambaenergia.com.br/station/63beb91664acbe29b587c7d2 "HTTP/1.1 200 OK"
2026-04-03T22:52:52 | INFO     | httpx | HTTP Request: GET https://api.tupinambaenergia.com.br/station/63d7cb69b4cfbf092cc24c14 "HTTP/1.1 200 OK"
2026-04-03T22:52:52 | INFO     | httpx | HTTP Request: GET https://api.tupinambaenergia.com.br/station/646d226625945315b34f3e19 "HTTP/1.1 200 OK"
2026-04-03T22:52:53 | INFO     | httpx | HTTP Request: GET https://api.tupinambaenergia.com.br/station/64774e534ac6733e2d1382ab "HTTP/1.1 200 OK"
2026-04-03T22:52:53 | INFO     | httpx | HTTP Request: GET https://api.tupinambaenergia.com.br/station/649c464598a38d4c81df8b5a "HTTP/1.1 200 OK"
2026-04-03T22:52:54 | INFO     | httpx | HTTP Request: GET https://api.tupinambaenergia.com.br/station/64e39f7fc873ba51c7a1d8b5 "HTTP/1.1 200 OK"
2026-04-03T22:52:55 | INFO     | httpx | HTTP Request: GET https://api.tupinambaenergia.com.br/station/64f89980a284510dbcb1a769 "HTTP/1.1 200 OK"
2026-04-03T22:52:55 | INFO     | httpx | HTTP Request: GET https://api.tupinambaenergia.com.br/station/63dac80074a71959c8e9aa78 "HTTP/1.1 200 OK"
2026-04-03T22:52:56 | INFO     | httpx | HTTP Request: GET https://api.tupinambaenergia.com.br/station/63f8ccbf1d401b5570a421bf "HTTP/1.1 200 OK"
2026-04-03T22:52:56 | INFO     | httpx | HTTP Request: GET https://api.tupinambaenergia.com.br/station/6410be2fad6d07738935d4d9 "HTTP/1.1 200 OK"
2026-04-03T22:52:57 | INFO     | httpx | HTTP Request: GET https://api.tupinambaenergia.com.br/station/649b59096135527596a996d7 "HTTP/1.1 200 OK"
2026-04-03T22:52:58 | INFO     | httpx | HTTP Request: GET https://api.tupinambaenergia.com.br/station/649b59766135527596a9dbfe "HTTP/1.1 200 OK"
2026-04-03T22:52:58 | INFO     | httpx | HTTP Request: GET https://api.tupinambaenergia.com.br/station/64a5865c98a38d4c81101f49 "HTTP/1.1 200 OK"
2026-04-03T22:52:59 | INFO     | httpx | HTTP Request: GET https://api.tupinambaenergia.com.br/station/64079e736bdc970ac46e6fa5 "HTTP/1.1 200 OK"
2026-04-03T22:53:00 | INFO     | httpx | HTTP Request: GET https://api.tupinambaenergia.com.br/station/64774e9e4ac6733e2d13b3b9 "HTTP/1.1 200 OK"
2026-04-03T22:53:00 | INFO     | httpx | HTTP Request: GET https://api.tupinambaenergia.com.br/station/650d8653c9ec930a22a75b7b "HTTP/1.1 200 OK"
2026-04-03T22:53:01 | INFO     | httpx | HTTP Request: GET https://api.tupinambaenergia.com.br/station/650d8742c9ec930a22a8011a "HTTP/1.1 200 OK"
2026-04-03T22:53:01 | INFO     | httpx | HTTP Request: GET https://api.tupinambaenergia.com.br/station/651095c1c9ec930a22c9413a "HTTP/1.1 200 OK"
2026-04-03T22:53:02 | INFO     | httpx | HTTP Request: GET https://api.tupinambaenergia.com.br/station/63d02e00b125ff3919187ae3 "HTTP/1.1 200 OK"
2026-04-03T22:53:03 | INFO     | httpx | HTTP Request: GET https://api.tupinambaenergia.com.br/station/6446797318b8f0671608c6ba "HTTP/1.1 200 OK"
2026-04-03T22:53:03 | INFO     | httpx | HTTP Request: GET https://api.tupinambaenergia.com.br/station/6465412b25945315b333934e "HTTP/1.1 200 OK"
2026-04-03T22:53:04 | INFO     | httpx | HTTP Request: GET https://api.tupinambaenergia.com.br/station/6532e9630b44965732f3df57 "HTTP/1.1 200 OK"
2026-04-03T22:53:04 | INFO     | httpx | HTTP Request: GET https://api.tupinambaenergia.com.br/station/65397243f0bce35cf17f81aa "HTTP/1.1 200 OK"
2026-04-03T22:53:05 | INFO     | httpx | HTTP Request: GET https://api.tupinambaenergia.com.br/station/6541316af2ad8f629a6a005b "HTTP/1.1 200 OK"
2026-04-03T22:53:06 | INFO     | httpx | HTTP Request: GET https://api.tupinambaenergia.com.br/station/6560a6926ef0594a23515242 "HTTP/1.1 200 OK"
2026-04-03T22:53:06 | INFO     | httpx | HTTP Request: GET https://api.tupinambaenergia.com.br/station/656de6828911db3b2afad0d0 "HTTP/1.1 200 OK"
2026-04-03T22:53:07 | INFO     | httpx | HTTP Request: GET https://api.tupinambaenergia.com.br/station/657cade9416a363cd0883958 "HTTP/1.1 200 OK"
2026-04-03T22:53:07 | INFO     | httpx | HTTP Request: GET https://api.tupinambaenergia.com.br/station/65a5900826ce465a5da122fb "HTTP/1.1 200 OK"
2026-04-03T22:53:08 | INFO     | httpx | HTTP Request: GET https://api.tupinambaenergia.com.br/station/6560a7426ef0594a2351d760 "HTTP/1.1 200 OK"
2026-04-03T22:53:09 | INFO     | httpx | HTTP Request: GET https://api.tupinambaenergia.com.br/station/6565fcb01cba8829b503721d "HTTP/1.1 200 OK"
2026-04-03T22:53:09 | INFO     | httpx | HTTP Request: GET https://api.tupinambaenergia.com.br/station/65734fa3416a363cd06d566e "HTTP/1.1 200 OK"
2026-04-03T22:53:10 | INFO     | httpx | HTTP Request: GET https://api.tupinambaenergia.com.br/station/658590c8e6f08f0a43765a4b "HTTP/1.1 200 OK"
2026-04-03T22:53:11 | INFO     | httpx | HTTP Request: GET https://api.tupinambaenergia.com.br/station/659ebcc700a0d02df9591776 "HTTP/1.1 200 OK"
2026-04-03T22:53:11 | INFO     | httpx | HTTP Request: GET https://api.tupinambaenergia.com.br/station/65a7fa9d740bb51bdc403c19 "HTTP/1.1 200 OK"
2026-04-03T22:53:12 | INFO     | httpx | HTTP Request: GET https://api.tupinambaenergia.com.br/station/65a950d7740bb51bdc4e408d "HTTP/1.1 200 OK"
2026-04-03T22:53:13 | INFO     | httpx | HTTP Request: GET https://api.tupinambaenergia.com.br/station/654e860d28a7326c9c29ce4c "HTTP/1.1 200 OK"
2026-04-03T22:53:13 | INFO     | httpx | HTTP Request: GET https://api.tupinambaenergia.com.br/station/6560a43c6ef0594a234fa0d9 "HTTP/1.1 200 OK"
2026-04-03T22:53:14 | INFO     | httpx | HTTP Request: GET https://api.tupinambaenergia.com.br/station/6560a89f6ef0594a2352d61d "HTTP/1.1 200 OK"
2026-04-03T22:53:15 | INFO     | httpx | HTTP Request: GET https://api.tupinambaenergia.com.br/station/6560aae36ef0594a2354865f "HTTP/1.1 200 OK"
2026-04-03T22:53:15 | INFO     | httpx | HTTP Request: GET https://api.tupinambaenergia.com.br/station/657b1272416a363cd04c5b9e "HTTP/1.1 200 OK"
2026-04-03T22:53:16 | INFO     | httpx | HTTP Request: GET https://api.tupinambaenergia.com.br/station/657c8b7d416a363cd06da0a6 "HTTP/1.1 200 OK"
2026-04-03T22:53:16 | INFO     | httpx | HTTP Request: GET https://api.tupinambaenergia.com.br/station/65a9515f740bb51bdc4ead9a "HTTP/1.1 200 OK"
2026-04-03T22:53:17 | INFO     | httpx | HTTP Request: GET https://api.tupinambaenergia.com.br/station/65e8ad545f2c76000843adbc "HTTP/1.1 200 OK"
2026-04-03T22:53:18 | INFO     | httpx | HTTP Request: GET https://api.tupinambaenergia.com.br/station/65f06eff8c75600009090f86 "HTTP/1.1 200 OK"
2026-04-03T22:53:18 | INFO     | httpx | HTTP Request: GET https://api.tupinambaenergia.com.br/station/65f092868c7560000927b0b0 "HTTP/1.1 200 OK"
2026-04-03T22:53:19 | INFO     | httpx | HTTP Request: GET https://api.tupinambaenergia.com.br/station/65f0ac088c756000093dc810 "HTTP/1.1 200 OK"
2026-04-03T22:53:19 | INFO     | httpx | HTTP Request: GET https://api.tupinambaenergia.com.br/station/6601c884038f070009e1a664 "HTTP/1.1 200 OK"
2026-04-03T22:53:20 | INFO     | httpx | HTTP Request: GET https://api.tupinambaenergia.com.br/station/66044f7f559d8200099bf8a7 "HTTP/1.1 200 OK"
2026-04-03T22:53:21 | INFO     | httpx | HTTP Request: GET https://api.tupinambaenergia.com.br/station/66226bbfedb2c200096e9039 "HTTP/1.1 200 OK"
2026-04-03T22:53:21 | INFO     | httpx | HTTP Request: GET https://api.tupinambaenergia.com.br/station/664e0dee9cdfda002108613a "HTTP/1.1 200 OK"
2026-04-03T22:53:22 | INFO     | httpx | HTTP Request: GET https://api.tupinambaenergia.com.br/station/65bbba7cc9c84a00087436ae "HTTP/1.1 200 OK"
2026-04-03T22:53:22 | INFO     | httpx | HTTP Request: GET https://api.tupinambaenergia.com.br/station/65e20805597bfc000826c4c6 "HTTP/1.1 200 OK"
2026-04-03T22:53:23 | INFO     | httpx | HTTP Request: GET https://api.tupinambaenergia.com.br/station/65ef627d8c7560000922fd6a "HTTP/1.1 200 OK"
2026-04-03T22:53:24 | INFO     | httpx | HTTP Request: GET https://api.tupinambaenergia.com.br/station/65f1e7a78c756000094d1167 "HTTP/1.1 200 OK"
2026-04-03T22:53:24 | INFO     | httpx | HTTP Request: GET https://api.tupinambaenergia.com.br/station/65fdc85792026c000931f37b "HTTP/1.1 200 OK"
2026-04-03T22:53:25 | INFO     | httpx | HTTP Request: GET https://api.tupinambaenergia.com.br/station/66159a84f488cc00090af143 "HTTP/1.1 200 OK"
2026-04-03T22:53:26 | INFO     | httpx | HTTP Request: GET https://api.tupinambaenergia.com.br/station/664e02589e136b00217af439 "HTTP/1.1 200 OK"
2026-04-03T22:53:26 | INFO     | httpx | HTTP Request: GET https://api.tupinambaenergia.com.br/station/65c27870d19d470008fdde93 "HTTP/1.1 200 OK"
2026-04-03T22:53:27 | INFO     | httpx | HTTP Request: GET https://api.tupinambaenergia.com.br/station/65f08e7e8c7560000924368f "HTTP/1.1 200 OK"
2026-04-03T22:53:28 | INFO     | httpx | HTTP Request: GET https://api.tupinambaenergia.com.br/station/660463ea559d820009a9edb0 "HTTP/1.1 200 OK"
2026-04-03T22:53:28 | INFO     | httpx | HTTP Request: GET https://api.tupinambaenergia.com.br/station/662ac379136a7f0009203b96 "HTTP/1.1 200 OK"
2026-04-03T22:53:29 | INFO     | httpx | HTTP Request: GET https://api.tupinambaenergia.com.br/station/65f0656c8c7560000900bf4a "HTTP/1.1 200 OK"
2026-04-03T22:53:29 | INFO     | httpx | HTTP Request: GET https://api.tupinambaenergia.com.br/station/66042a4192026c0009210a28 "HTTP/1.1 200 OK"
2026-04-03T22:53:30 | INFO     | httpx | HTTP Request: GET https://api.tupinambaenergia.com.br/station/6638e9365785fc00210b5cd4 "HTTP/1.1 200 OK"
2026-04-03T22:53:31 | INFO     | httpx | HTTP Request: GET https://api.tupinambaenergia.com.br/station/664df3bc9e136b00217561c7 "HTTP/1.1 200 OK"
2026-04-03T22:53:31 | INFO     | httpx | HTTP Request: GET https://api.tupinambaenergia.com.br/station/6669b74050cdd70021e58ca5 "HTTP/1.1 200 OK"
2026-04-03T22:53:32 | INFO     | httpx | HTTP Request: GET https://api.tupinambaenergia.com.br/station/667d72283c3b390020fab0b4 "HTTP/1.1 200 OK"
2026-04-03T22:53:32 | INFO     | httpx | HTTP Request: GET https://api.tupinambaenergia.com.br/station/66a8f77f5ae1db0021e1f4dd "HTTP/1.1 200 OK"
2026-04-03T22:53:33 | INFO     | httpx | HTTP Request: GET https://api.tupinambaenergia.com.br/station/66a9557c57208b0022c6225e "HTTP/1.1 200 OK"
2026-04-03T22:53:34 | INFO     | httpx | HTTP Request: GET https://api.tupinambaenergia.com.br/station/66576f9b5b79620021cb3df0 "HTTP/1.1 200 OK"
2026-04-03T22:53:34 | INFO     | httpx | HTTP Request: GET https://api.tupinambaenergia.com.br/station/6669ad09cb8e26002149e6c5 "HTTP/1.1 200 OK"
2026-04-03T22:53:35 | INFO     | httpx | HTTP Request: GET https://api.tupinambaenergia.com.br/station/669ec13811349f0021601c45 "HTTP/1.1 200 OK"
2026-04-03T22:53:35 | INFO     | httpx | HTTP Request: GET https://api.tupinambaenergia.com.br/station/66a11f4cff8a080022d35795 "HTTP/1.1 200 OK"
2026-04-03T22:53:36 | INFO     | httpx | HTTP Request: GET https://api.tupinambaenergia.com.br/station/6650ede13df2980021875162 "HTTP/1.1 200 OK"
2026-04-03T22:53:37 | INFO     | httpx | HTTP Request: GET https://api.tupinambaenergia.com.br/station/66576649a393fe0021ac99d5 "HTTP/1.1 200 OK"
2026-04-03T22:53:37 | INFO     | httpx | HTTP Request: GET https://api.tupinambaenergia.com.br/station/665e1d6c4c523f0021c0b9b9 "HTTP/1.1 200 OK"
2026-04-03T22:53:38 | INFO     | httpx | HTTP Request: GET https://api.tupinambaenergia.com.br/station/6669d8a650cdd70021ecd90f "HTTP/1.1 200 OK"
2026-04-03T22:53:39 | INFO     | httpx | HTTP Request: GET https://api.tupinambaenergia.com.br/station/667586a6bc960c00214480d5 "HTTP/1.1 200 OK"
2026-04-03T22:53:39 | INFO     | httpx | HTTP Request: GET https://api.tupinambaenergia.com.br/station/667dcaed2f901900210eb241 "HTTP/1.1 200 OK"
2026-04-03T22:53:40 | INFO     | httpx | HTTP Request: GET https://api.tupinambaenergia.com.br/station/669a84ca0d7ae5002045cd68 "HTTP/1.1 200 OK"
2026-04-03T22:53:41 | INFO     | httpx | HTTP Request: GET https://api.tupinambaenergia.com.br/station/669a8717c4ebe1002107a9d4 "HTTP/1.1 200 OK"
2026-04-03T22:53:41 | INFO     | httpx | HTTP Request: GET https://api.tupinambaenergia.com.br/station/66a25ea61060d800227bc0e3 "HTTP/1.1 200 OK"
2026-04-03T22:53:42 | INFO     | httpx | HTTP Request: GET https://api.tupinambaenergia.com.br/station/66a95536ea14b3002128b762 "HTTP/1.1 200 OK"
2026-04-03T22:53:42 | INFO     | ingest.tupi | Tupi enrich: processed 300 / 2090
2026-04-03T22:53:42 | INFO     | httpx | HTTP Request: GET https://api.tupinambaenergia.com.br/station/665776bea393fe0021b10353 "HTTP/1.1 200 OK"
2026-04-03T22:53:43 | INFO     | httpx | HTTP Request: GET https://api.tupinambaenergia.com.br/station/66709a5645e5800022886ab9 "HTTP/1.1 200 OK"
2026-04-03T22:53:44 | INFO     | httpx | HTTP Request: GET https://api.tupinambaenergia.com.br/station/667b1613d974d0002198d485 "HTTP/1.1 200 OK"
2026-04-03T22:53:44 | INFO     | httpx | HTTP Request: GET https://api.tupinambaenergia.com.br/station/66a153c154613a0021cffb2d "HTTP/1.1 200 OK"
2026-04-03T22:53:45 | INFO     | httpx | HTTP Request: GET https://api.tupinambaenergia.com.br/station/66abc7df0f41d900218ab928 "HTTP/1.1 200 OK"
2026-04-03T22:53:46 | INFO     | httpx | HTTP Request: GET https://api.tupinambaenergia.com.br/station/66abc8f6d5a5fb0021da130b "HTTP/1.1 200 OK"
2026-04-03T22:53:46 | INFO     | httpx | HTTP Request: GET https://api.tupinambaenergia.com.br/station/66bcb321dee116002131b5a4 "HTTP/1.1 200 OK"
2026-04-03T22:53:47 | INFO     | httpx | HTTP Request: GET https://api.tupinambaenergia.com.br/station/66f40c8bf4852a001f81eaa4 "HTTP/1.1 200 OK"
2026-04-03T22:53:48 | INFO     | httpx | HTTP Request: GET https://api.tupinambaenergia.com.br/station/66a96cf5ca2e5b002193a3f0 "HTTP/1.1 200 OK"
2026-04-03T22:53:48 | INFO     | httpx | HTTP Request: GET https://api.tupinambaenergia.com.br/station/66a96d1657208b0022ce0046 "HTTP/1.1 200 OK"
2026-04-03T22:53:49 | INFO     | httpx | HTTP Request: GET https://api.tupinambaenergia.com.br/station/66a96e11ea14b300212f96dd "HTTP/1.1 200 OK"
2026-04-03T22:53:49 | INFO     | httpx | HTTP Request: GET https://api.tupinambaenergia.com.br/station/66aa8af40fdf850021d9ec7c "HTTP/1.1 200 OK"
2026-04-03T22:53:50 | INFO     | httpx | HTTP Request: GET https://api.tupinambaenergia.com.br/station/66aa8eaa08f66600216beaef "HTTP/1.1 200 OK"
2026-04-03T22:53:51 | INFO     | httpx | HTTP Request: GET https://api.tupinambaenergia.com.br/station/66b9fe45f45abb0021a2cabf "HTTP/1.1 200 OK"
2026-04-03T22:53:51 | INFO     | httpx | HTTP Request: GET https://api.tupinambaenergia.com.br/station/66d08ff8503f69001e023383 "HTTP/1.1 200 OK"
2026-04-03T22:53:52 | INFO     | httpx | HTTP Request: GET https://api.tupinambaenergia.com.br/station/66d74480bed421001eded94a "HTTP/1.1 200 OK"
2026-04-03T22:53:53 | INFO     | httpx | HTTP Request: GET https://api.tupinambaenergia.com.br/station/66d7709202d0d5001e00a3cf "HTTP/1.1 200 OK"
2026-04-03T22:53:53 | INFO     | httpx | HTTP Request: GET https://api.tupinambaenergia.com.br/station/66f1b869979121001e1657f2 "HTTP/1.1 200 OK"
2026-04-03T22:53:54 | INFO     | httpx | HTTP Request: GET https://api.tupinambaenergia.com.br/station/66f6b33806e959001e95a400 "HTTP/1.1 200 OK"
2026-04-03T22:53:55 | INFO     | httpx | HTTP Request: GET https://api.tupinambaenergia.com.br/station/66a96da5ea14b300212f6e4c "HTTP/1.1 200 OK"
2026-04-03T22:53:55 | INFO     | httpx | HTTP Request: GET https://api.tupinambaenergia.com.br/station/66abc86c0f41d900218ae2fc "HTTP/1.1 200 OK"
2026-04-03T22:53:56 | INFO     | httpx | HTTP Request: GET https://api.tupinambaenergia.com.br/station/66b61814c35d3c0021981c40 "HTTP/1.1 200 OK"
2026-04-03T22:53:56 | INFO     | httpx | HTTP Request: GET https://api.tupinambaenergia.com.br/station/66bb7a96abe14b0021b08b80 "HTTP/1.1 200 OK"
2026-04-03T22:53:57 | INFO     | httpx | HTTP Request: GET https://api.tupinambaenergia.com.br/station/66bce4d2cef4800021f61657 "HTTP/1.1 200 OK"
2026-04-03T22:53:58 | INFO     | httpx | HTTP Request: GET https://api.tupinambaenergia.com.br/station/66e059ede982bb001e61acb8 "HTTP/1.1 200 OK"
2026-04-03T22:53:58 | INFO     | httpx | HTTP Request: GET https://api.tupinambaenergia.com.br/station/66e879d76814a9001ef8389a "HTTP/1.1 200 OK"
2026-04-03T22:53:59 | INFO     | httpx | HTTP Request: GET https://api.tupinambaenergia.com.br/station/66e898195b4408001e76f4c6 "HTTP/1.1 200 OK"
2026-04-03T22:53:59 | INFO     | httpx | HTTP Request: GET https://api.tupinambaenergia.com.br/station/66a96d7b57208b0022ce3552 "HTTP/1.1 200 OK"
2026-04-03T22:54:00 | INFO     | httpx | HTTP Request: GET https://api.tupinambaenergia.com.br/station/66abc848d5a5fb0021d9e7f5 "HTTP/1.1 200 OK"
2026-04-03T22:54:01 | INFO     | httpx | HTTP Request: GET https://api.tupinambaenergia.com.br/station/66abc8c2d5a5fb0021d9f74d "HTTP/1.1 200 OK"
2026-04-03T22:54:01 | INFO     | httpx | HTTP Request: GET https://api.tupinambaenergia.com.br/station/66d9ec559c0fa7001ec7dd45 "HTTP/1.1 200 OK"
2026-04-03T22:54:02 | INFO     | httpx | HTTP Request: GET https://api.tupinambaenergia.com.br/station/66e3093ed351c1001e18a650 "HTTP/1.1 200 OK"
2026-04-03T22:54:02 | INFO     | httpx | HTTP Request: GET https://api.tupinambaenergia.com.br/station/66e8307b3beb86001e4e6f22 "HTTP/1.1 200 OK"
2026-04-03T22:54:03 | INFO     | httpx | HTTP Request: GET https://api.tupinambaenergia.com.br/station/66ede02981396b001efb811c "HTTP/1.1 200 OK"
2026-04-03T22:54:04 | INFO     | httpx | HTTP Request: GET https://api.tupinambaenergia.com.br/station/66f54dd4d88b6c001ed3477c "HTTP/1.1 200 OK"
2026-04-03T22:54:04 | INFO     | httpx | HTTP Request: GET https://api.tupinambaenergia.com.br/station/66f54dfff4852a001fcf8541 "HTTP/1.1 200 OK"
2026-04-03T22:54:05 | INFO     | httpx | HTTP Request: GET https://api.tupinambaenergia.com.br/station/670e76683b1d5a001e274cae "HTTP/1.1 200 OK"
2026-04-03T22:54:06 | INFO     | httpx | HTTP Request: GET https://api.tupinambaenergia.com.br/station/66fd8d3b23179c001e45dfa6 "HTTP/1.1 200 OK"
2026-04-03T22:54:06 | INFO     | httpx | HTTP Request: GET https://api.tupinambaenergia.com.br/station/66fe9ba09c03a7001e9d29be "HTTP/1.1 200 OK"
2026-04-03T22:54:07 | INFO     | httpx | HTTP Request: GET https://api.tupinambaenergia.com.br/station/67003d73e5eeb2001ed02899 "HTTP/1.1 200 OK"
2026-04-03T22:54:07 | INFO     | httpx | HTTP Request: GET https://api.tupinambaenergia.com.br/station/67040031da9f7f001e668960 "HTTP/1.1 200 OK"
2026-04-03T22:54:08 | INFO     | httpx | HTTP Request: GET https://api.tupinambaenergia.com.br/station/6704415ecaa5f7001e6d8a84 "HTTP/1.1 200 OK"
2026-04-03T22:54:09 | INFO     | httpx | HTTP Request: GET https://api.tupinambaenergia.com.br/station/66fd830b5b2359001e0cfd87 "HTTP/1.1 200 OK"
2026-04-03T22:54:09 | INFO     | httpx | HTTP Request: GET https://api.tupinambaenergia.com.br/station/66fe9ce47703c0001e9e2c47 "HTTP/1.1 200 OK"
2026-04-03T22:54:10 | INFO     | httpx | HTTP Request: GET https://api.tupinambaenergia.com.br/station/66fec0215292e4001e508dcf "HTTP/1.1 200 OK"
2026-04-03T22:54:11 | INFO     | httpx | HTTP Request: GET https://api.tupinambaenergia.com.br/station/66fee70be5eeb2001eae6811 "HTTP/1.1 200 OK"
2026-04-03T22:54:11 | INFO     | httpx | HTTP Request: GET https://api.tupinambaenergia.com.br/station/67040480e5eeb2001e3152dc "HTTP/1.1 200 OK"
2026-04-03T22:54:12 | INFO     | httpx | HTTP Request: GET https://api.tupinambaenergia.com.br/station/67054359c92965001f5ebd20 "HTTP/1.1 200 OK"
2026-04-03T22:54:13 | INFO     | httpx | HTTP Request: GET https://api.tupinambaenergia.com.br/station/67057007c92965001f622e7a "HTTP/1.1 200 OK"
2026-04-03T22:54:13 | INFO     | httpx | HTTP Request: GET https://api.tupinambaenergia.com.br/station/671016a426943d001ebeeacd "HTTP/1.1 200 OK"
2026-04-03T22:54:14 | INFO     | httpx | HTTP Request: GET https://api.tupinambaenergia.com.br/station/6716c4a4619ed4001f41feb7 "HTTP/1.1 200 OK"
2026-04-03T22:54:14 | INFO     | httpx | HTTP Request: GET https://api.tupinambaenergia.com.br/station/6716d10c1549d6001f428651 "HTTP/1.1 200 OK"
2026-04-03T22:54:15 | INFO     | httpx | HTTP Request: GET https://api.tupinambaenergia.com.br/station/67192e3ec6d995001ffe04cc "HTTP/1.1 200 OK"
2026-04-03T22:54:16 | INFO     | httpx | HTTP Request: GET https://api.tupinambaenergia.com.br/station/671a91cba200be001f761ce4 "HTTP/1.1 200 OK"
2026-04-03T22:54:16 | INFO     | httpx | HTTP Request: GET https://api.tupinambaenergia.com.br/station/671a93a820b06e001f85babf "HTTP/1.1 200 OK"
2026-04-03T22:54:17 | INFO     | httpx | HTTP Request: GET https://api.tupinambaenergia.com.br/station/671eb1e8aa1510001f2fa179 "HTTP/1.1 200 OK"
2026-04-03T22:54:18 | INFO     | httpx | HTTP Request: GET https://api.tupinambaenergia.com.br/station/671eb49daa1510001f306b09 "HTTP/1.1 200 OK"
2026-04-03T22:54:18 | INFO     | httpx | HTTP Request: GET https://api.tupinambaenergia.com.br/station/671eb605ccb2bf001f442b07 "HTTP/1.1 200 OK"
2026-04-03T22:54:19 | INFO     | httpx | HTTP Request: GET https://api.tupinambaenergia.com.br/station/671f95732d7d99001fd4ed47 "HTTP/1.1 200 OK"
2026-04-03T22:54:19 | INFO     | httpx | HTTP Request: GET https://api.tupinambaenergia.com.br/station/671f982aaa1510001f89a0f7 "HTTP/1.1 200 OK"
2026-04-03T22:54:20 | INFO     | httpx | HTTP Request: GET https://api.tupinambaenergia.com.br/station/671fa6372d7d99001fdb73b0 "HTTP/1.1 200 OK"
2026-04-03T22:54:21 | INFO     | httpx | HTTP Request: GET https://api.tupinambaenergia.com.br/station/671fa79794e18c001f4ff503 "HTTP/1.1 200 OK"
2026-04-03T22:54:21 | INFO     | httpx | HTTP Request: GET https://api.tupinambaenergia.com.br/station/671fa887aa1510001f8e2f52 "HTTP/1.1 200 OK"
2026-04-03T22:54:22 | INFO     | httpx | HTTP Request: GET https://api.tupinambaenergia.com.br/station/671fbdce2d7d99001fdf9c7b "HTTP/1.1 200 OK"
2026-04-03T22:54:22 | INFO     | httpx | HTTP Request: GET https://api.tupinambaenergia.com.br/station/671fbe4faa1510001f94a38d "HTTP/1.1 200 OK"
2026-04-03T22:54:23 | INFO     | httpx | HTTP Request: GET https://api.tupinambaenergia.com.br/station/672149d5949aa7001f77745a "HTTP/1.1 200 OK"
2026-04-03T22:54:24 | INFO     | httpx | HTTP Request: GET https://api.tupinambaenergia.com.br/station/67223d8bc7990d001f6c97ff "HTTP/1.1 200 OK"
2026-04-03T22:54:24 | INFO     | httpx | HTTP Request: GET https://api.tupinambaenergia.com.br/station/67223f13fce900001f10d2f8 "HTTP/1.1 200 OK"
2026-04-03T22:54:25 | INFO     | httpx | HTTP Request: GET https://api.tupinambaenergia.com.br/station/672240ebc7990d001f6e4ea0 "HTTP/1.1 200 OK"
2026-04-03T22:54:25 | INFO     | httpx | HTTP Request: GET https://api.tupinambaenergia.com.br/station/672241fafce900001f11a7d4 "HTTP/1.1 200 OK"
2026-04-03T22:54:26 | INFO     | httpx | HTTP Request: GET https://api.tupinambaenergia.com.br/station/6722430d46c86d001ffbcdb4 "HTTP/1.1 200 OK"
2026-04-03T22:54:27 | INFO     | httpx | HTTP Request: GET https://api.tupinambaenergia.com.br/station/672252f146c86d001f027924 "HTTP/1.1 200 OK"
2026-04-03T22:54:27 | INFO     | httpx | HTTP Request: GET https://api.tupinambaenergia.com.br/station/672255dac7990d001f79ea8b "HTTP/1.1 200 OK"
2026-04-03T22:54:28 | INFO     | httpx | HTTP Request: GET https://api.tupinambaenergia.com.br/station/6722639fc7990d001f83a81b "HTTP/1.1 200 OK"
2026-04-03T22:54:29 | INFO     | httpx | HTTP Request: GET https://api.tupinambaenergia.com.br/station/67281a0833e38a0020ddb1e6 "HTTP/1.1 200 OK"
2026-04-03T22:54:29 | INFO     | httpx | HTTP Request: GET https://api.tupinambaenergia.com.br/station/6728fb2018080b001f762003 "HTTP/1.1 200 OK"
2026-04-03T22:54:30 | INFO     | httpx | HTTP Request: GET https://api.tupinambaenergia.com.br/station/6728fd7118080b001f7668c2 "HTTP/1.1 200 OK"
2026-04-03T22:54:31 | INFO     | httpx | HTTP Request: GET https://api.tupinambaenergia.com.br/station/672906a4602563001ff54130 "HTTP/1.1 200 OK"
2026-04-03T22:54:31 | INFO     | httpx | HTTP Request: GET https://api.tupinambaenergia.com.br/station/672bf7962ac7c00020616f58 "HTTP/1.1 200 OK"
2026-04-03T22:54:32 | INFO     | httpx | HTTP Request: GET https://api.tupinambaenergia.com.br/station/672cfdf38f93a3001f21bc68 "HTTP/1.1 200 OK"
2026-04-03T22:54:32 | INFO     | httpx | HTTP Request: GET https://api.tupinambaenergia.com.br/station/672d1af7824d17001fb1560d "HTTP/1.1 200 OK"
2026-04-03T22:54:33 | INFO     | httpx | HTTP Request: GET https://api.tupinambaenergia.com.br/station/672d1b378f93a3001f247990 "HTTP/1.1 200 OK"
2026-04-03T22:54:34 | INFO     | httpx | HTTP Request: GET https://api.tupinambaenergia.com.br/station/672e5690abf6bf001f026a87 "HTTP/1.1 200 OK"
2026-04-03T22:54:34 | INFO     | httpx | HTTP Request: GET https://api.tupinambaenergia.com.br/station/672f6877c31f76001fa96cd2 "HTTP/1.1 200 OK"
2026-04-03T22:54:35 | INFO     | httpx | HTTP Request: GET https://api.tupinambaenergia.com.br/station/672f68bac31f76001fa97020 "HTTP/1.1 200 OK"
2026-04-03T22:54:36 | INFO     | httpx | HTTP Request: GET https://api.tupinambaenergia.com.br/station/6731ea0f104f8e001fd89b15 "HTTP/1.1 200 OK"
2026-04-03T22:54:36 | INFO     | httpx | HTTP Request: GET https://api.tupinambaenergia.com.br/station/6731edea104f8e001fd8bd1f "HTTP/1.1 200 OK"
2026-04-03T22:54:37 | INFO     | httpx | HTTP Request: GET https://api.tupinambaenergia.com.br/station/673207d700dafb0020b03341 "HTTP/1.1 200 OK"
2026-04-03T22:54:37 | INFO     | httpx | HTTP Request: GET https://api.tupinambaenergia.com.br/station/67335b22d2f05a001f5831f9 "HTTP/1.1 200 OK"
2026-04-03T22:54:38 | INFO     | httpx | HTTP Request: GET https://api.tupinambaenergia.com.br/station/6733773e30d005001f3b0b17 "HTTP/1.1 200 OK"
2026-04-03T22:54:39 | INFO     | httpx | HTTP Request: GET https://api.tupinambaenergia.com.br/station/6733777330d005001f3b0d75 "HTTP/1.1 200 OK"
2026-04-03T22:54:39 | INFO     | httpx | HTTP Request: GET https://api.tupinambaenergia.com.br/station/6733a3702b093e001f91a275 "HTTP/1.1 200 OK"
2026-04-03T22:54:40 | INFO     | httpx | HTTP Request: GET https://api.tupinambaenergia.com.br/station/6733beb5caadc1001fd0a422 "HTTP/1.1 200 OK"
2026-04-03T22:54:40 | INFO     | httpx | HTTP Request: GET https://api.tupinambaenergia.com.br/station/6734a7c5643f010020688552 "HTTP/1.1 200 OK"
2026-04-03T22:54:41 | INFO     | httpx | HTTP Request: GET https://api.tupinambaenergia.com.br/station/6734c5654676c1001f72df90 "HTTP/1.1 200 OK"
2026-04-03T22:54:42 | INFO     | httpx | HTTP Request: GET https://api.tupinambaenergia.com.br/station/673bde843600ee001f10c615 "HTTP/1.1 200 OK"
2026-04-03T22:54:42 | INFO     | httpx | HTTP Request: GET https://api.tupinambaenergia.com.br/station/673bdfd65403d2001fe3f34c "HTTP/1.1 200 OK"
2026-04-03T22:54:43 | INFO     | httpx | HTTP Request: GET https://api.tupinambaenergia.com.br/station/673be2433600ee001f1135f5 "HTTP/1.1 200 OK"
2026-04-03T22:54:44 | INFO     | httpx | HTTP Request: GET https://api.tupinambaenergia.com.br/station/673c830ecba57c002084c962 "HTTP/1.1 200 OK"
2026-04-03T22:54:44 | INFO     | httpx | HTTP Request: GET https://api.tupinambaenergia.com.br/station/673cd6650ad85c001fefe794 "HTTP/1.1 200 OK"
2026-04-03T22:54:44 | INFO     | ingest.tupi | Tupi enrich: processed 400 / 2090
2026-04-03T22:54:45 | INFO     | httpx | HTTP Request: GET https://api.tupinambaenergia.com.br/station/673f6769ce8db8001fa28a79 "HTTP/1.1 200 OK"
2026-04-03T22:54:45 | INFO     | httpx | HTTP Request: GET https://api.tupinambaenergia.com.br/station/673f67c6e4a9f9001f23d75c "HTTP/1.1 200 OK"
2026-04-03T22:54:46 | INFO     | httpx | HTTP Request: GET https://api.tupinambaenergia.com.br/station/673f6ef9e4a9f9001f25a8e4 "HTTP/1.1 200 OK"
2026-04-03T22:54:47 | INFO     | httpx | HTTP Request: GET https://api.tupinambaenergia.com.br/station/673f6fe6ce8db8001fa334f1 "HTTP/1.1 200 OK"
2026-04-03T22:54:47 | INFO     | httpx | HTTP Request: GET https://api.tupinambaenergia.com.br/station/67408530fd34cf001fbd6c63 "HTTP/1.1 200 OK"
2026-04-03T22:54:48 | INFO     | httpx | HTTP Request: GET https://api.tupinambaenergia.com.br/station/6740a056895238001f1b8f37 "HTTP/1.1 200 OK"
2026-04-03T22:54:49 | INFO     | httpx | HTTP Request: GET https://api.tupinambaenergia.com.br/station/674eee4365ada2001feaea58 "HTTP/1.1 200 OK"
2026-04-03T22:54:49 | INFO     | httpx | HTTP Request: GET https://api.tupinambaenergia.com.br/station/674f2d7cf8f0cc001fed7d44 "HTTP/1.1 200 OK"
2026-04-03T22:54:50 | INFO     | httpx | HTTP Request: GET https://api.tupinambaenergia.com.br/station/67522681879c3f001f7dc3da "HTTP/1.1 200 OK"
2026-04-03T22:54:50 | INFO     | httpx | HTTP Request: GET https://api.tupinambaenergia.com.br/station/675b1ce8e61abd001f997e4b "HTTP/1.1 200 OK"
2026-04-03T22:54:51 | INFO     | httpx | HTTP Request: GET https://api.tupinambaenergia.com.br/station/675c35beedf2ed001fec85fb "HTTP/1.1 200 OK"
2026-04-03T22:54:52 | INFO     | httpx | HTTP Request: GET https://api.tupinambaenergia.com.br/station/6760259a7bae33001fb8b7ad "HTTP/1.1 200 OK"
2026-04-03T22:54:52 | INFO     | httpx | HTTP Request: GET https://api.tupinambaenergia.com.br/station/67618227d0361a001f06bbb2 "HTTP/1.1 200 OK"
2026-04-03T22:54:53 | INFO     | httpx | HTTP Request: GET https://api.tupinambaenergia.com.br/station/676189ec32333f001f9a39cd "HTTP/1.1 200 OK"
2026-04-03T22:54:53 | INFO     | httpx | HTTP Request: GET https://api.tupinambaenergia.com.br/station/67636010184b17001f18a71c "HTTP/1.1 200 OK"
2026-04-03T22:54:54 | INFO     | httpx | HTTP Request: GET https://api.tupinambaenergia.com.br/station/676578ffd7137d001f58f8cd "HTTP/1.1 200 OK"
2026-04-03T22:54:55 | INFO     | httpx | HTTP Request: GET https://api.tupinambaenergia.com.br/station/676579595f3840001fe04d47 "HTTP/1.1 200 OK"
2026-04-03T22:54:55 | INFO     | httpx | HTTP Request: GET https://api.tupinambaenergia.com.br/station/6766b9457f4528001f8f2783 "HTTP/1.1 200 OK"
2026-04-03T22:54:56 | INFO     | httpx | HTTP Request: GET https://api.tupinambaenergia.com.br/station/67694fa7d09bea001f423a98 "HTTP/1.1 200 OK"
2026-04-03T22:54:56 | INFO     | httpx | HTTP Request: GET https://api.tupinambaenergia.com.br/station/676e9aa89cddf3001f909084 "HTTP/1.1 200 OK"
2026-04-03T22:54:57 | INFO     | httpx | HTTP Request: GET https://api.tupinambaenergia.com.br/station/676eb57b7f4528001f2a7b46 "HTTP/1.1 200 OK"
2026-04-03T22:54:58 | INFO     | httpx | HTTP Request: GET https://api.tupinambaenergia.com.br/station/677708e8e2955e001f1e4d21 "HTTP/1.1 200 OK"
2026-04-03T22:54:58 | INFO     | httpx | HTTP Request: GET https://api.tupinambaenergia.com.br/station/677bd40cef22d9001f712226 "HTTP/1.1 200 OK"
2026-04-03T22:54:59 | INFO     | httpx | HTTP Request: GET https://api.tupinambaenergia.com.br/station/677bd9ecb8a56e001f54aee3 "HTTP/1.1 200 OK"
2026-04-03T22:55:00 | INFO     | httpx | HTTP Request: GET https://api.tupinambaenergia.com.br/station/677bdabfef22d9001f719d15 "HTTP/1.1 200 OK"
2026-04-03T22:55:00 | INFO     | httpx | HTTP Request: GET https://api.tupinambaenergia.com.br/station/677edb7112fdcf001f887337 "HTTP/1.1 200 OK"
2026-04-03T22:55:01 | INFO     | httpx | HTTP Request: GET https://api.tupinambaenergia.com.br/station/67852ef32fc89e001f43cbfd "HTTP/1.1 200 OK"
2026-04-03T22:55:01 | INFO     | httpx | HTTP Request: GET https://api.tupinambaenergia.com.br/station/678670b3070e54001f54983e "HTTP/1.1 200 OK"
2026-04-03T22:55:02 | INFO     | httpx | HTTP Request: GET https://api.tupinambaenergia.com.br/station/6786722520226e001f28307f "HTTP/1.1 200 OK"
2026-04-03T22:55:02 | INFO     | httpx | HTTP Request: GET https://api.tupinambaenergia.com.br/station/678672c6db0042001f213440 "HTTP/1.1 200 OK"
2026-04-03T22:55:03 | INFO     | httpx | HTTP Request: GET https://api.tupinambaenergia.com.br/station/67867343db0042001f213b43 "HTTP/1.1 200 OK"
2026-04-03T22:55:04 | INFO     | httpx | HTTP Request: GET https://api.tupinambaenergia.com.br/station/6787f302e4a7a9001f7e5b50 "HTTP/1.1 200 OK"
2026-04-03T22:55:04 | INFO     | httpx | HTTP Request: GET https://api.tupinambaenergia.com.br/station/678816f302271f001fd2bc9e "HTTP/1.1 200 OK"
2026-04-03T22:55:05 | INFO     | httpx | HTTP Request: GET https://api.tupinambaenergia.com.br/station/67881aad700257001fe5067b "HTTP/1.1 200 OK"
2026-04-03T22:55:06 | INFO     | httpx | HTTP Request: GET https://api.tupinambaenergia.com.br/station/67895459a74db5001f389ca5 "HTTP/1.1 200 OK"
2026-04-03T22:55:06 | INFO     | httpx | HTTP Request: GET https://api.tupinambaenergia.com.br/station/6789731da315fa001f82cb20 "HTTP/1.1 200 OK"
2026-04-03T22:55:07 | INFO     | httpx | HTTP Request: GET https://api.tupinambaenergia.com.br/station/678e9c03a315fa001f0bdf33 "HTTP/1.1 200 OK"
2026-04-03T22:55:07 | INFO     | httpx | HTTP Request: GET https://api.tupinambaenergia.com.br/station/678e9c37a315fa001f0be5d9 "HTTP/1.1 200 OK"
2026-04-03T22:55:08 | INFO     | httpx | HTTP Request: GET https://api.tupinambaenergia.com.br/station/678e9c6aa315fa001f0bec4a "HTTP/1.1 200 OK"
2026-04-03T22:55:09 | INFO     | httpx | HTTP Request: GET https://api.tupinambaenergia.com.br/station/678e9ccda315fa001f0bfd49 "HTTP/1.1 200 OK"
2026-04-03T22:55:09 | INFO     | httpx | HTTP Request: GET https://api.tupinambaenergia.com.br/station/678e9d2cf7ce67001f017701 "HTTP/1.1 200 OK"
2026-04-03T22:55:10 | INFO     | httpx | HTTP Request: GET https://api.tupinambaenergia.com.br/station/678e9d5f64951c0020c3be79 "HTTP/1.1 200 OK"
2026-04-03T22:55:11 | INFO     | httpx | HTTP Request: GET https://api.tupinambaenergia.com.br/station/678e9ebba315fa001f0c26b2 "HTTP/1.1 200 OK"
2026-04-03T22:55:11 | INFO     | httpx | HTTP Request: GET https://api.tupinambaenergia.com.br/station/678e9ee6a315fa001f0c2978 "HTTP/1.1 200 OK"
2026-04-03T22:55:12 | INFO     | httpx | HTTP Request: GET https://api.tupinambaenergia.com.br/station/678ea89cf7ce67001f028c5a "HTTP/1.1 200 OK"
2026-04-03T22:55:13 | INFO     | httpx | HTTP Request: GET https://api.tupinambaenergia.com.br/station/678ea8d1ff8787001f1c50d6 "HTTP/1.1 200 OK"
2026-04-03T22:55:13 | INFO     | httpx | HTTP Request: GET https://api.tupinambaenergia.com.br/station/678fe30eedd29a001f7305cf "HTTP/1.1 200 OK"
2026-04-03T22:55:14 | INFO     | httpx | HTTP Request: GET https://api.tupinambaenergia.com.br/station/6792669d309b41001f3279ed "HTTP/1.1 200 OK"
2026-04-03T22:55:14 | INFO     | httpx | HTTP Request: GET https://api.tupinambaenergia.com.br/station/6797cdb423b79f001f6bd3f4 "HTTP/1.1 200 OK"
2026-04-03T22:55:15 | INFO     | httpx | HTTP Request: GET https://api.tupinambaenergia.com.br/station/6797f062bfc6dd001f0ae8ad "HTTP/1.1 200 OK"
2026-04-03T22:55:16 | INFO     | httpx | HTTP Request: GET https://api.tupinambaenergia.com.br/station/6797f174bfc6dd001f0b0cfa "HTTP/1.1 200 OK"
2026-04-03T22:55:16 | INFO     | httpx | HTTP Request: GET https://api.tupinambaenergia.com.br/station/6797f2a10a5997001f5dddf8 "HTTP/1.1 200 OK"
2026-04-03T22:55:17 | INFO     | httpx | HTTP Request: GET https://api.tupinambaenergia.com.br/station/6798cf5e0a5997001f73a0f7 "HTTP/1.1 200 OK"
2026-04-03T22:55:18 | INFO     | httpx | HTTP Request: GET https://api.tupinambaenergia.com.br/station/6798d2920a5997001f741f53 "HTTP/1.1 200 OK"
2026-04-03T22:55:18 | INFO     | httpx | HTTP Request: GET https://api.tupinambaenergia.com.br/station/67991f0bbfc6dd001f250fa7 "HTTP/1.1 200 OK"
2026-04-03T22:55:19 | INFO     | httpx | HTTP Request: GET https://api.tupinambaenergia.com.br/station/6799204f0a5997001f7ee79d "HTTP/1.1 200 OK"
2026-04-03T22:55:19 | INFO     | httpx | HTTP Request: GET https://api.tupinambaenergia.com.br/station/67993524bfc6dd001f27b4d8 "HTTP/1.1 200 OK"
2026-04-03T22:55:20 | INFO     | httpx | HTTP Request: GET https://api.tupinambaenergia.com.br/station/679936be0a5997001f8241de "HTTP/1.1 200 OK"
2026-04-03T22:55:21 | INFO     | httpx | HTTP Request: GET https://api.tupinambaenergia.com.br/station/679a812a22d1c8001f10947e "HTTP/1.1 200 OK"
2026-04-03T22:55:21 | INFO     | httpx | HTTP Request: GET https://api.tupinambaenergia.com.br/station/679a8a2d73092f001fcb556e "HTTP/1.1 200 OK"
2026-04-03T22:55:22 | INFO     | httpx | HTTP Request: GET https://api.tupinambaenergia.com.br/station/679a8a857a6280001fbe7ae3 "HTTP/1.1 200 OK"
2026-04-03T22:55:22 | INFO     | httpx | HTTP Request: GET https://api.tupinambaenergia.com.br/station/679a8ab67a6280001fbe80fc "HTTP/1.1 200 OK"
2026-04-03T22:55:23 | INFO     | httpx | HTTP Request: GET https://api.tupinambaenergia.com.br/station/679d172473092f001fff9d80 "HTTP/1.1 200 OK"
2026-04-03T22:55:24 | INFO     | httpx | HTTP Request: GET https://api.tupinambaenergia.com.br/station/679d34fd154c25001e18ddba "HTTP/1.1 200 OK"
2026-04-03T22:55:24 | INFO     | httpx | HTTP Request: GET https://api.tupinambaenergia.com.br/station/679d35d7cf03ae001f45ac45 "HTTP/1.1 200 OK"
2026-04-03T22:55:25 | INFO     | httpx | HTTP Request: GET https://api.tupinambaenergia.com.br/station/67a0daae20ef7c001f6c1042 "HTTP/1.1 200 OK"
2026-04-03T22:55:26 | INFO     | httpx | HTTP Request: GET https://api.tupinambaenergia.com.br/station/67a24f1ec58504001fdac5b2 "HTTP/1.1 200 OK"
2026-04-03T22:55:26 | INFO     | httpx | HTTP Request: GET https://api.tupinambaenergia.com.br/station/67a3cc318df4a6001f3b2907 "HTTP/1.1 200 OK"
2026-04-03T22:55:27 | INFO     | httpx | HTTP Request: GET https://api.tupinambaenergia.com.br/station/67a636d0164157001f905ecb "HTTP/1.1 200 OK"
2026-04-03T22:55:27 | INFO     | httpx | HTTP Request: GET https://api.tupinambaenergia.com.br/station/67a6453f5832e4001fc07be4 "HTTP/1.1 200 OK"
2026-04-03T22:55:28 | INFO     | httpx | HTTP Request: GET https://api.tupinambaenergia.com.br/station/67aa62fb02d1ba001f9e33f4 "HTTP/1.1 200 OK"
2026-04-03T22:55:29 | INFO     | httpx | HTTP Request: GET https://api.tupinambaenergia.com.br/station/67ab54804970ca001f841f9c "HTTP/1.1 200 OK"
2026-04-03T22:55:29 | INFO     | httpx | HTTP Request: GET https://api.tupinambaenergia.com.br/station/67ab57244970ca001f84335f "HTTP/1.1 200 OK"
2026-04-03T22:55:30 | INFO     | httpx | HTTP Request: GET https://api.tupinambaenergia.com.br/station/67ab590402d1ba001fb119f3 "HTTP/1.1 200 OK"
2026-04-03T22:55:31 | INFO     | httpx | HTTP Request: GET https://api.tupinambaenergia.com.br/station/67ab604f4970ca001f851692 "HTTP/1.1 200 OK"
2026-04-03T22:55:31 | INFO     | httpx | HTTP Request: GET https://api.tupinambaenergia.com.br/station/67ab622f02d1ba001fb22311 "HTTP/1.1 200 OK"
2026-04-03T22:55:32 | INFO     | httpx | HTTP Request: GET https://api.tupinambaenergia.com.br/station/67ab62df02d1ba001fb23350 "HTTP/1.1 200 OK"
2026-04-03T22:55:32 | INFO     | httpx | HTTP Request: GET https://api.tupinambaenergia.com.br/station/67ab642b4970ca001f857896 "HTTP/1.1 200 OK"
2026-04-03T22:55:33 | INFO     | httpx | HTTP Request: GET https://api.tupinambaenergia.com.br/station/67ab651802d1ba001fb24982 "HTTP/1.1 200 OK"
2026-04-03T22:55:34 | INFO     | httpx | HTTP Request: GET https://api.tupinambaenergia.com.br/station/67ab657202d1ba001fb2511b "HTTP/1.1 200 OK"
2026-04-03T22:55:35 | INFO     | httpx | HTTP Request: GET https://api.tupinambaenergia.com.br/station/67ab664e02d1ba001fb26032 "HTTP/1.1 200 OK"
2026-04-03T22:55:35 | INFO     | httpx | HTTP Request: GET https://api.tupinambaenergia.com.br/station/67ab9e464970ca001f8d6b9b "HTTP/1.1 200 OK"
2026-04-03T22:55:36 | INFO     | httpx | HTTP Request: GET https://api.tupinambaenergia.com.br/station/67aba0844970ca001f8dbb70 "HTTP/1.1 200 OK"
2026-04-03T22:55:37 | INFO     | httpx | HTTP Request: GET https://api.tupinambaenergia.com.br/station/67aba1044970ca001f8dca24 "HTTP/1.1 200 OK"
2026-04-03T22:55:37 | INFO     | httpx | HTTP Request: GET https://api.tupinambaenergia.com.br/station/67aba19c02d1ba001fb75496 "HTTP/1.1 200 OK"
2026-04-03T22:55:38 | INFO     | httpx | HTTP Request: GET https://api.tupinambaenergia.com.br/station/67aba20302d1ba001fb75be1 "HTTP/1.1 200 OK"
2026-04-03T22:55:38 | INFO     | httpx | HTTP Request: GET https://api.tupinambaenergia.com.br/station/67aba2794970ca001f8e0493 "HTTP/1.1 200 OK"
2026-04-03T22:55:39 | INFO     | httpx | HTTP Request: GET https://api.tupinambaenergia.com.br/station/67aba28d02d1ba001fb7688e "HTTP/1.1 200 OK"
2026-04-03T22:55:40 | INFO     | httpx | HTTP Request: GET https://api.tupinambaenergia.com.br/station/67aba3054970ca001f8e0e4f "HTTP/1.1 200 OK"
2026-04-03T22:55:40 | INFO     | httpx | HTTP Request: GET https://api.tupinambaenergia.com.br/station/67aba3654970ca001f8e188e "HTTP/1.1 200 OK"
2026-04-03T22:55:41 | INFO     | httpx | HTTP Request: GET https://api.tupinambaenergia.com.br/station/67aba3c802d1ba001fb79a2a "HTTP/1.1 200 OK"
2026-04-03T22:55:42 | INFO     | httpx | HTTP Request: GET https://api.tupinambaenergia.com.br/station/67aba40b4970ca001f8e2687 "HTTP/1.1 200 OK"
2026-04-03T22:55:42 | INFO     | httpx | HTTP Request: GET https://api.tupinambaenergia.com.br/station/67abee4c2e5bc2001fc6aedb "HTTP/1.1 200 OK"
2026-04-03T22:55:43 | INFO     | httpx | HTTP Request: GET https://api.tupinambaenergia.com.br/station/67abeeb12e5bc2001fc6c7e6 "HTTP/1.1 200 OK"
2026-04-03T22:55:43 | INFO     | httpx | HTTP Request: GET https://api.tupinambaenergia.com.br/station/67abef3077da6c001f733fa7 "HTTP/1.1 200 OK"
2026-04-03T22:55:44 | INFO     | httpx | HTTP Request: GET https://api.tupinambaenergia.com.br/station/67acb6b83f1eb6001f61005e "HTTP/1.1 200 OK"
2026-04-03T22:55:45 | INFO     | httpx | HTTP Request: GET https://api.tupinambaenergia.com.br/station/67acbcdc45426c001f5b929e "HTTP/1.1 200 OK"
2026-04-03T22:55:46 | INFO     | httpx | HTTP Request: GET https://api.tupinambaenergia.com.br/station/67acbdf9c848c5001f03aef2 "HTTP/1.1 200 OK"
2026-04-03T22:55:46 | INFO     | httpx | HTTP Request: GET https://api.tupinambaenergia.com.br/station/67acbe5b45426c001f5bbe8a "HTTP/1.1 200 OK"
2026-04-03T22:55:47 | INFO     | httpx | HTTP Request: GET https://api.tupinambaenergia.com.br/station/67acce31c848c5001f0598c4 "HTTP/1.1 200 OK"
2026-04-03T22:55:47 | INFO     | ingest.tupi | Tupi enrich: processed 500 / 2090
2026-04-03T22:55:48 | INFO     | httpx | HTTP Request: GET https://api.tupinambaenergia.com.br/station/67ace17cc848c5001f073f4b "HTTP/1.1 200 OK"
2026-04-03T22:55:48 | INFO     | httpx | HTTP Request: GET https://api.tupinambaenergia.com.br/station/67acf4d0c848c5001f08e713 "HTTP/1.1 200 OK"
2026-04-03T22:55:49 | INFO     | httpx | HTTP Request: GET https://api.tupinambaenergia.com.br/station/67b353835560e1001fd0a160 "HTTP/1.1 200 OK"
2026-04-03T22:55:49 | INFO     | httpx | HTTP Request: GET https://api.tupinambaenergia.com.br/station/67b376d25560e1001fd45b4c "HTTP/1.1 200 OK"
2026-04-03T22:55:50 | INFO     | httpx | HTTP Request: GET https://api.tupinambaenergia.com.br/station/67b3904a2946aa001f2eb6c3 "HTTP/1.1 200 OK"
2026-04-03T22:55:51 | INFO     | httpx | HTTP Request: GET https://api.tupinambaenergia.com.br/station/67b497805c2230001f8a73d3 "HTTP/1.1 200 OK"
2026-04-03T22:55:51 | INFO     | httpx | HTTP Request: GET https://api.tupinambaenergia.com.br/station/67b607c6ed4bb6001f337818 "HTTP/1.1 200 OK"
2026-04-03T22:55:52 | INFO     | httpx | HTTP Request: GET https://api.tupinambaenergia.com.br/station/67b7206bce5580001f019998 "HTTP/1.1 200 OK"
2026-04-03T22:55:53 | INFO     | httpx | HTTP Request: GET https://api.tupinambaenergia.com.br/station/67b8d29ce2c835001f16e829 "HTTP/1.1 200 OK"
2026-04-03T22:55:53 | INFO     | httpx | HTTP Request: GET https://api.tupinambaenergia.com.br/station/67b8d8b365190d001f40b030 "HTTP/1.1 200 OK"
2026-04-03T22:55:54 | INFO     | httpx | HTTP Request: GET https://api.tupinambaenergia.com.br/station/67b8d93a65190d001f40b968 "HTTP/1.1 200 OK"
2026-04-03T22:55:54 | INFO     | httpx | HTTP Request: GET https://api.tupinambaenergia.com.br/station/67bb8823206994001f26c9b1 "HTTP/1.1 200 OK"
2026-04-03T22:55:55 | INFO     | httpx | HTTP Request: GET https://api.tupinambaenergia.com.br/station/67bbc2db206994001f2c180b "HTTP/1.1 200 OK"
2026-04-03T22:55:55 | INFO     | httpx | HTTP Request: GET https://api.tupinambaenergia.com.br/station/67bdcc69206994001f47a3f2 "HTTP/1.1 200 OK"
2026-04-03T22:55:56 | INFO     | httpx | HTTP Request: GET https://api.tupinambaenergia.com.br/station/67bdcd845c9fbd001ff705cd "HTTP/1.1 200 OK"
2026-04-03T22:55:57 | INFO     | httpx | HTTP Request: GET https://api.tupinambaenergia.com.br/station/67bdcdf4206994001f47b5ff "HTTP/1.1 200 OK"
2026-04-03T22:55:57 | INFO     | httpx | HTTP Request: GET https://api.tupinambaenergia.com.br/station/67bdce2d206994001f47ba0e "HTTP/1.1 200 OK"
2026-04-03T22:55:58 | INFO     | httpx | HTTP Request: GET https://api.tupinambaenergia.com.br/station/67bdcff05c9fbd001ff74a2e "HTTP/1.1 200 OK"
2026-04-03T22:55:59 | INFO     | httpx | HTTP Request: GET https://api.tupinambaenergia.com.br/station/67bdd018206994001f47d700 "HTTP/1.1 200 OK"
2026-04-03T22:55:59 | INFO     | httpx | HTTP Request: GET https://api.tupinambaenergia.com.br/station/67bf1e81fb2b49001f04b869 "HTTP/1.1 200 OK"
2026-04-03T22:56:00 | INFO     | httpx | HTTP Request: GET https://api.tupinambaenergia.com.br/station/67c0ed446a07940020b35e8b "HTTP/1.1 200 OK"
2026-04-03T22:56:00 | INFO     | httpx | HTTP Request: GET https://api.tupinambaenergia.com.br/station/67c0efb4e11a26001f16c1ef "HTTP/1.1 200 OK"
2026-04-03T22:56:01 | INFO     | httpx | HTTP Request: GET https://api.tupinambaenergia.com.br/station/67c1c7767f3dbe001f1d88d5 "HTTP/1.1 200 OK"
2026-04-03T22:56:02 | INFO     | httpx | HTTP Request: GET https://api.tupinambaenergia.com.br/station/67c1cd3be11a26001f2c861d "HTTP/1.1 200 OK"
2026-04-03T22:56:02 | INFO     | httpx | HTTP Request: GET https://api.tupinambaenergia.com.br/station/67c882450f23b6001f114fbd "HTTP/1.1 200 OK"
2026-04-03T22:56:03 | INFO     | httpx | HTTP Request: GET https://api.tupinambaenergia.com.br/station/67c882f7dc4ca7001f01afe4 "HTTP/1.1 200 OK"
2026-04-03T22:56:03 | INFO     | httpx | HTTP Request: GET https://api.tupinambaenergia.com.br/station/67c885730f23b6001f11be8f "HTTP/1.1 200 OK"
2026-04-03T22:56:04 | INFO     | httpx | HTTP Request: GET https://api.tupinambaenergia.com.br/station/67c889e1f13712001f29e03f "HTTP/1.1 200 OK"
2026-04-03T22:56:05 | INFO     | httpx | HTTP Request: GET https://api.tupinambaenergia.com.br/station/67c88de0dc4ca7001f02e39a "HTTP/1.1 200 OK"
2026-04-03T22:56:05 | INFO     | httpx | HTTP Request: GET https://api.tupinambaenergia.com.br/station/67c88e35dc4ca7001f02e7ee "HTTP/1.1 200 OK"
2026-04-03T22:56:06 | INFO     | httpx | HTTP Request: GET https://api.tupinambaenergia.com.br/station/67c9b19fda5890001fe3ee75 "HTTP/1.1 200 OK"
2026-04-03T22:56:06 | INFO     | httpx | HTTP Request: GET https://api.tupinambaenergia.com.br/station/67cb3c30da5890001f0058d7 "HTTP/1.1 200 OK"
2026-04-03T22:56:07 | INFO     | httpx | HTTP Request: GET https://api.tupinambaenergia.com.br/station/67cefb09a326d5001fb87743 "HTTP/1.1 200 OK"
2026-04-03T22:56:08 | INFO     | httpx | HTTP Request: GET https://api.tupinambaenergia.com.br/station/67cf1ce1a326d5001fbce097 "HTTP/1.1 200 OK"
2026-04-03T22:56:08 | INFO     | httpx | HTTP Request: GET https://api.tupinambaenergia.com.br/station/67cf3d029543aa001f8edf89 "HTTP/1.1 200 OK"
2026-04-03T22:56:09 | INFO     | httpx | HTTP Request: GET https://api.tupinambaenergia.com.br/station/67d06aebe3e477001fe537af "HTTP/1.1 200 OK"
2026-04-03T22:56:09 | INFO     | httpx | HTTP Request: GET https://api.tupinambaenergia.com.br/station/67d06bea68b3fa001f7b3184 "HTTP/1.1 200 OK"
2026-04-03T22:56:10 | INFO     | httpx | HTTP Request: GET https://api.tupinambaenergia.com.br/station/67d0959a2d348d001ffd88e4 "HTTP/1.1 200 OK"
2026-04-03T22:56:11 | INFO     | httpx | HTTP Request: GET https://api.tupinambaenergia.com.br/station/67d80f61530af7001ee763f9 "HTTP/1.1 200 OK"
2026-04-03T22:56:11 | INFO     | httpx | HTTP Request: GET https://api.tupinambaenergia.com.br/station/67d810e2a0fdf9001fd46fe0 "HTTP/1.1 200 OK"
2026-04-03T22:56:12 | INFO     | httpx | HTTP Request: GET https://api.tupinambaenergia.com.br/station/67d8112ea0fdf9001fd47865 "HTTP/1.1 200 OK"
2026-04-03T22:56:13 | INFO     | httpx | HTTP Request: GET https://api.tupinambaenergia.com.br/station/67d99ade87709d001fc9b0a3 "HTTP/1.1 200 OK"
2026-04-03T22:56:13 | INFO     | httpx | HTTP Request: GET https://api.tupinambaenergia.com.br/station/67d99bc654fca9001fc4fa56 "HTTP/1.1 200 OK"
2026-04-03T22:56:14 | INFO     | httpx | HTTP Request: GET https://api.tupinambaenergia.com.br/station/67dc36e4f283ce001ffc948b "HTTP/1.1 200 OK"
2026-04-03T22:56:14 | INFO     | httpx | HTTP Request: GET https://api.tupinambaenergia.com.br/station/67dc3f3ef283ce001ffd754f "HTTP/1.1 200 OK"
2026-04-03T22:56:15 | INFO     | httpx | HTTP Request: GET https://api.tupinambaenergia.com.br/station/67dc545b032909001f8653ef "HTTP/1.1 200 OK"
2026-04-03T22:56:16 | INFO     | httpx | HTTP Request: GET https://api.tupinambaenergia.com.br/station/67dc5682f283ce001f00b397 "HTTP/1.1 200 OK"
2026-04-03T22:56:16 | INFO     | httpx | HTTP Request: GET https://api.tupinambaenergia.com.br/station/67dc577c9b9f29001f51b21f "HTTP/1.1 200 OK"
2026-04-03T22:56:17 | INFO     | httpx | HTTP Request: GET https://api.tupinambaenergia.com.br/station/67dc5a2c47bb51001f89b9b4 "HTTP/1.1 200 OK"
2026-04-03T22:56:18 | INFO     | httpx | HTTP Request: GET https://api.tupinambaenergia.com.br/station/67dc6e9a9b9f29001f544101 "HTTP/1.1 200 OK"
2026-04-03T22:56:18 | INFO     | httpx | HTTP Request: GET https://api.tupinambaenergia.com.br/station/67dc7238f283ce001f060c3b "HTTP/1.1 200 OK"
2026-04-03T22:56:19 | INFO     | httpx | HTTP Request: GET https://api.tupinambaenergia.com.br/station/67dd948439ac37001f74da90 "HTTP/1.1 200 OK"
2026-04-03T22:56:19 | INFO     | httpx | HTTP Request: GET https://api.tupinambaenergia.com.br/station/67ddc11c0e9369001f4d7789 "HTTP/1.1 200 OK"
2026-04-03T22:56:20 | INFO     | httpx | HTTP Request: GET https://api.tupinambaenergia.com.br/station/67ddc44b0e9369001f4e198d "HTTP/1.1 200 OK"
2026-04-03T22:56:21 | INFO     | httpx | HTTP Request: GET https://api.tupinambaenergia.com.br/station/67ddc5ec0e9369001f4e5377 "HTTP/1.1 200 OK"
2026-04-03T22:56:21 | INFO     | httpx | HTTP Request: GET https://api.tupinambaenergia.com.br/station/67e191152fbadd001fd5393e "HTTP/1.1 200 OK"
2026-04-03T22:56:22 | INFO     | httpx | HTTP Request: GET https://api.tupinambaenergia.com.br/station/67e19bcbad10f0001f50d6d4 "HTTP/1.1 200 OK"
2026-04-03T22:56:23 | INFO     | httpx | HTTP Request: GET https://api.tupinambaenergia.com.br/station/67e2af62cf066d001fd5fe5c "HTTP/1.1 200 OK"
2026-04-03T22:56:23 | INFO     | httpx | HTTP Request: GET https://api.tupinambaenergia.com.br/station/67e5ba2572da31001f8ccf97 "HTTP/1.1 200 OK"
2026-04-03T22:56:24 | INFO     | httpx | HTTP Request: GET https://api.tupinambaenergia.com.br/station/67e5bab829a07c001f13bed5 "HTTP/1.1 200 OK"
2026-04-03T22:56:24 | INFO     | httpx | HTTP Request: GET https://api.tupinambaenergia.com.br/station/67e6f66572da31001fb323b4 "HTTP/1.1 200 OK"
2026-04-03T22:56:25 | INFO     | httpx | HTTP Request: GET https://api.tupinambaenergia.com.br/station/67ea972d6b6b82001f0ff546 "HTTP/1.1 200 OK"
2026-04-03T22:56:26 | INFO     | httpx | HTTP Request: GET https://api.tupinambaenergia.com.br/station/67ea98346b6b82001f101c5e "HTTP/1.1 200 OK"
2026-04-03T22:56:26 | INFO     | httpx | HTTP Request: GET https://api.tupinambaenergia.com.br/station/67ea990c427cce001f011fd1 "HTTP/1.1 200 OK"
2026-04-03T22:56:27 | INFO     | httpx | HTTP Request: GET https://api.tupinambaenergia.com.br/station/67eae86cb69db9001ff1daff "HTTP/1.1 200 OK"
2026-04-03T22:56:28 | INFO     | httpx | HTTP Request: GET https://api.tupinambaenergia.com.br/station/67ebef13b69db9001f0924f2 "HTTP/1.1 200 OK"
2026-04-03T22:56:29 | INFO     | httpx | HTTP Request: GET https://api.tupinambaenergia.com.br/station/67ebef43b69db9001f092a42 "HTTP/1.1 200 OK"
2026-04-03T22:56:29 | INFO     | httpx | HTTP Request: GET https://api.tupinambaenergia.com.br/station/67ec1532fddcdd001ff27de2 "HTTP/1.1 200 OK"
2026-04-03T22:56:30 | INFO     | httpx | HTTP Request: GET https://api.tupinambaenergia.com.br/station/67ec46d0b35f2a001f1c49eb "HTTP/1.1 200 OK"
2026-04-03T22:56:30 | INFO     | httpx | HTTP Request: GET https://api.tupinambaenergia.com.br/station/67ec472c6f936d001f0c4d24 "HTTP/1.1 200 OK"
2026-04-03T22:56:31 | INFO     | httpx | HTTP Request: GET https://api.tupinambaenergia.com.br/station/67ec50959cff68001faf4e20 "HTTP/1.1 200 OK"
2026-04-03T22:56:32 | INFO     | httpx | HTTP Request: GET https://api.tupinambaenergia.com.br/station/67ed36d49cff68001fc7badf "HTTP/1.1 200 OK"
2026-04-03T22:56:32 | INFO     | httpx | HTTP Request: GET https://api.tupinambaenergia.com.br/station/67ed98b308220e001fc913fd "HTTP/1.1 200 OK"
2026-04-03T22:56:33 | INFO     | httpx | HTTP Request: GET https://api.tupinambaenergia.com.br/station/67ed98d1034d3c001fd20418 "HTTP/1.1 200 OK"
2026-04-03T22:56:34 | INFO     | httpx | HTTP Request: GET https://api.tupinambaenergia.com.br/station/67ed9bd10799c0001f9ee9e5 "HTTP/1.1 200 OK"
2026-04-03T22:56:34 | INFO     | httpx | HTTP Request: GET https://api.tupinambaenergia.com.br/station/67ed9da1034d3c001fd2e987 "HTTP/1.1 200 OK"
2026-04-03T22:56:35 | INFO     | httpx | HTTP Request: GET https://api.tupinambaenergia.com.br/station/67ed9ea832df51001fa39b18 "HTTP/1.1 200 OK"
2026-04-03T22:56:35 | INFO     | httpx | HTTP Request: GET https://api.tupinambaenergia.com.br/station/67eda0950799c0001f9f595c "HTTP/1.1 200 OK"
2026-04-03T22:56:36 | INFO     | httpx | HTTP Request: GET https://api.tupinambaenergia.com.br/station/67eda1ef6c9162001f4c98de "HTTP/1.1 200 OK"
2026-04-03T22:56:37 | INFO     | httpx | HTTP Request: GET https://api.tupinambaenergia.com.br/station/67eda2ae0799c0001f9fb463 "HTTP/1.1 200 OK"
2026-04-03T22:56:38 | INFO     | httpx | HTTP Request: GET https://api.tupinambaenergia.com.br/station/67eda46b034d3c001fd3cd7b "HTTP/1.1 200 OK"
2026-04-03T22:56:38 | INFO     | httpx | HTTP Request: GET https://api.tupinambaenergia.com.br/station/67eec4501ca5d3001fc7169e "HTTP/1.1 200 OK"
2026-04-03T22:56:39 | INFO     | httpx | HTTP Request: GET https://api.tupinambaenergia.com.br/station/67efcb940585b3001ff68c65 "HTTP/1.1 200 OK"
2026-04-03T22:56:39 | INFO     | httpx | HTTP Request: GET https://api.tupinambaenergia.com.br/station/67efda0d7cd33b001f23665b "HTTP/1.1 200 OK"
2026-04-03T22:56:40 | INFO     | httpx | HTTP Request: GET https://api.tupinambaenergia.com.br/station/67f1401619aa2a001ffb979c "HTTP/1.1 200 OK"
2026-04-03T22:56:41 | INFO     | httpx | HTTP Request: GET https://api.tupinambaenergia.com.br/station/67f426bac3a4d9001f23cd48 "HTTP/1.1 200 OK"
2026-04-03T22:56:41 | INFO     | httpx | HTTP Request: GET https://api.tupinambaenergia.com.br/station/67f42922c3a4d9001f25b07f "HTTP/1.1 200 OK"
2026-04-03T22:56:42 | INFO     | httpx | HTTP Request: GET https://api.tupinambaenergia.com.br/station/67f42c94c3a4d9001f27bfb9 "HTTP/1.1 200 OK"
2026-04-03T22:56:43 | INFO     | httpx | HTTP Request: GET https://api.tupinambaenergia.com.br/station/67f587cbe498a8001ff29dd5 "HTTP/1.1 200 OK"
2026-04-03T22:56:43 | INFO     | httpx | HTTP Request: GET https://api.tupinambaenergia.com.br/station/67f5923271b387001f0673dc "HTTP/1.1 200 OK"
2026-04-03T22:56:44 | INFO     | httpx | HTTP Request: GET https://api.tupinambaenergia.com.br/station/67f5939b9da38e001f943181 "HTTP/1.1 200 OK"
2026-04-03T22:56:44 | INFO     | httpx | HTTP Request: GET https://api.tupinambaenergia.com.br/station/67f6650b71b387001f1e0736 "HTTP/1.1 200 OK"
2026-04-03T22:56:45 | INFO     | httpx | HTTP Request: GET https://api.tupinambaenergia.com.br/station/67f667beb2c468001f7d1948 "HTTP/1.1 200 OK"
2026-04-03T22:56:46 | INFO     | httpx | HTTP Request: GET https://api.tupinambaenergia.com.br/station/67f6698171b387001f20358a "HTTP/1.1 200 OK"
2026-04-03T22:56:46 | INFO     | httpx | HTTP Request: GET https://api.tupinambaenergia.com.br/station/67f686f0b2c468001f803154 "HTTP/1.1 200 OK"
2026-04-03T22:56:47 | INFO     | httpx | HTTP Request: GET https://api.tupinambaenergia.com.br/station/67f68a4371b387001f26440b "HTTP/1.1 200 OK"
2026-04-03T22:56:47 | INFO     | httpx | HTTP Request: GET https://api.tupinambaenergia.com.br/station/67f68ded71b387001f26b205 "HTTP/1.1 200 OK"
2026-04-03T22:56:48 | INFO     | httpx | HTTP Request: GET https://api.tupinambaenergia.com.br/station/67f68f2771b387001f26d276 "HTTP/1.1 200 OK"
2026-04-03T22:56:49 | INFO     | httpx | HTTP Request: GET https://api.tupinambaenergia.com.br/station/67f6929071b387001f273124 "HTTP/1.1 200 OK"
2026-04-03T22:56:49 | INFO     | httpx | HTTP Request: GET https://api.tupinambaenergia.com.br/station/67f6934bf34c18001f46e071 "HTTP/1.1 200 OK"
2026-04-03T22:56:49 | INFO     | ingest.tupi | Tupi enrich: processed 600 / 2090
2026-04-03T22:56:50 | INFO     | httpx | HTTP Request: GET https://api.tupinambaenergia.com.br/station/67f694b271b387001f275765 "HTTP/1.1 200 OK"
2026-04-03T22:56:51 | INFO     | httpx | HTTP Request: GET https://api.tupinambaenergia.com.br/station/67f6959671b387001f277576 "HTTP/1.1 200 OK"
2026-04-03T22:56:51 | INFO     | httpx | HTTP Request: GET https://api.tupinambaenergia.com.br/station/67f6981c71b387001f27d5ba "HTTP/1.1 200 OK"
2026-04-03T22:56:52 | INFO     | httpx | HTTP Request: GET https://api.tupinambaenergia.com.br/station/67f6996c71b387001f27fa50 "HTTP/1.1 200 OK"
2026-04-03T22:56:52 | INFO     | httpx | HTTP Request: GET https://api.tupinambaenergia.com.br/station/67f69a2671b387001f2807b9 "HTTP/1.1 200 OK"
2026-04-03T22:56:53 | INFO     | httpx | HTTP Request: GET https://api.tupinambaenergia.com.br/station/67f69aefa7e470001f9e8c4f "HTTP/1.1 200 OK"
2026-04-03T22:56:54 | INFO     | httpx | HTTP Request: GET https://api.tupinambaenergia.com.br/station/67f69edf71b387001f2896de "HTTP/1.1 200 OK"
2026-04-03T22:56:54 | INFO     | httpx | HTTP Request: GET https://api.tupinambaenergia.com.br/station/67f69fc271b387001f28ab02 "HTTP/1.1 200 OK"
2026-04-03T22:56:55 | INFO     | httpx | HTTP Request: GET https://api.tupinambaenergia.com.br/station/67f6a06377ed25001fb60584 "HTTP/1.1 200 OK"
2026-04-03T22:56:55 | INFO     | httpx | HTTP Request: GET https://api.tupinambaenergia.com.br/station/67f6a0fcb2c468001f835c7e "HTTP/1.1 200 OK"
2026-04-03T22:56:56 | INFO     | httpx | HTTP Request: GET https://api.tupinambaenergia.com.br/station/67f6a17471b387001f28e358 "HTTP/1.1 200 OK"
2026-04-03T22:56:57 | INFO     | httpx | HTTP Request: GET https://api.tupinambaenergia.com.br/station/67f6a1f6b2c468001f836dee "HTTP/1.1 200 OK"
2026-04-03T22:56:57 | INFO     | httpx | HTTP Request: GET https://api.tupinambaenergia.com.br/station/67f6ad81b2c468001f849608 "HTTP/1.1 200 OK"
2026-04-03T22:56:58 | INFO     | httpx | HTTP Request: GET https://api.tupinambaenergia.com.br/station/67f6aeb771b387001f2aef05 "HTTP/1.1 200 OK"
2026-04-03T22:56:58 | INFO     | httpx | HTTP Request: GET https://api.tupinambaenergia.com.br/station/67f83840b2c468001fa8502f "HTTP/1.1 200 OK"
2026-04-03T22:56:59 | INFO     | httpx | HTTP Request: GET https://api.tupinambaenergia.com.br/station/67f83ce241eaa3001f14fa39 "HTTP/1.1 200 OK"
2026-04-03T22:57:00 | INFO     | httpx | HTTP Request: GET https://api.tupinambaenergia.com.br/station/67f97bba3976b6001f7f1a49 "HTTP/1.1 200 OK"
2026-04-03T22:57:00 | INFO     | httpx | HTTP Request: GET https://api.tupinambaenergia.com.br/station/67f97ed123721c001ff0a9dd "HTTP/1.1 200 OK"
2026-04-03T22:57:01 | INFO     | httpx | HTTP Request: GET https://api.tupinambaenergia.com.br/station/67f980ac23721c001ff0e647 "HTTP/1.1 200 OK"
2026-04-03T22:57:02 | INFO     | httpx | HTTP Request: GET https://api.tupinambaenergia.com.br/station/67f9833223721c001ff11c22 "HTTP/1.1 200 OK"
2026-04-03T22:57:02 | INFO     | httpx | HTTP Request: GET https://api.tupinambaenergia.com.br/station/67f98432e42063001fab4253 "HTTP/1.1 200 OK"
2026-04-03T22:57:03 | INFO     | httpx | HTTP Request: GET https://api.tupinambaenergia.com.br/station/67fe479a8b14c3001fbb23d7 "HTTP/1.1 200 OK"
2026-04-03T22:57:03 | INFO     | httpx | HTTP Request: GET https://api.tupinambaenergia.com.br/station/67fe58cd8b14c3001fbe899f "HTTP/1.1 200 OK"
2026-04-03T22:57:04 | INFO     | httpx | HTTP Request: GET https://api.tupinambaenergia.com.br/station/67fe79207048ed001f0c69da "HTTP/1.1 200 OK"
2026-04-03T22:57:05 | INFO     | httpx | HTTP Request: GET https://api.tupinambaenergia.com.br/station/67fe797e7048ed001f0c72b1 "HTTP/1.1 200 OK"
2026-04-03T22:57:05 | INFO     | httpx | HTTP Request: GET https://api.tupinambaenergia.com.br/station/67fe7e4d6e257b001fed5d1e "HTTP/1.1 200 OK"
2026-04-03T22:57:06 | INFO     | httpx | HTTP Request: GET https://api.tupinambaenergia.com.br/station/67fec688259d67001fce1ec9 "HTTP/1.1 200 OK"
2026-04-03T22:57:06 | INFO     | httpx | HTTP Request: GET https://api.tupinambaenergia.com.br/station/67ffa4d7259d67001fe425bd "HTTP/1.1 200 OK"
2026-04-03T22:57:07 | INFO     | httpx | HTTP Request: GET https://api.tupinambaenergia.com.br/station/67ffa72b645c2c001f002760 "HTTP/1.1 200 OK"
2026-04-03T22:57:08 | INFO     | httpx | HTTP Request: GET https://api.tupinambaenergia.com.br/station/68002106d76ff4001f823999 "HTTP/1.1 200 OK"
2026-04-03T22:57:08 | INFO     | httpx | HTTP Request: GET https://api.tupinambaenergia.com.br/station/680142c36ca973001f0bad9d "HTTP/1.1 200 OK"
2026-04-03T22:57:09 | INFO     | httpx | HTTP Request: GET https://api.tupinambaenergia.com.br/station/6808e0b5f08f8c001f3ab0f0 "HTTP/1.1 200 OK"
2026-04-03T22:57:10 | INFO     | httpx | HTTP Request: GET https://api.tupinambaenergia.com.br/station/6808e13f15a052001f1764ba "HTTP/1.1 200 OK"
2026-04-03T22:57:11 | INFO     | httpx | HTTP Request: GET https://api.tupinambaenergia.com.br/station/6808ef21f08f8c001f3d256d "HTTP/1.1 200 OK"
2026-04-03T22:57:11 | INFO     | httpx | HTTP Request: GET https://api.tupinambaenergia.com.br/station/6808f160f08f8c001f3da13a "HTTP/1.1 200 OK"
2026-04-03T22:57:12 | INFO     | httpx | HTTP Request: GET https://api.tupinambaenergia.com.br/station/6808fad715a052001f1f6e93 "HTTP/1.1 200 OK"
2026-04-03T22:57:12 | INFO     | httpx | HTTP Request: GET https://api.tupinambaenergia.com.br/station/6808fcbe15a052001f21bd87 "HTTP/1.1 200 OK"
2026-04-03T22:57:13 | INFO     | httpx | HTTP Request: GET https://api.tupinambaenergia.com.br/station/6808fe10f08f8c001f4525a4 "HTTP/1.1 200 OK"
2026-04-03T22:57:14 | INFO     | httpx | HTTP Request: GET https://api.tupinambaenergia.com.br/station/6808ff75f08f8c001f4555b1 "HTTP/1.1 200 OK"
2026-04-03T22:57:14 | INFO     | httpx | HTTP Request: GET https://api.tupinambaenergia.com.br/station/6809015115a052001f22af72 "HTTP/1.1 200 OK"
2026-04-03T22:57:15 | INFO     | httpx | HTTP Request: GET https://api.tupinambaenergia.com.br/station/6809023115a052001f22f990 "HTTP/1.1 200 OK"
2026-04-03T22:57:16 | INFO     | httpx | HTTP Request: GET https://api.tupinambaenergia.com.br/station/680924c2f08f8c001f4eb346 "HTTP/1.1 200 OK"
2026-04-03T22:57:16 | INFO     | httpx | HTTP Request: GET https://api.tupinambaenergia.com.br/station/680a585bdde342001f8bbd15 "HTTP/1.1 200 OK"
2026-04-03T22:57:17 | INFO     | httpx | HTTP Request: GET https://api.tupinambaenergia.com.br/station/680a5eea3519a1001fc68359 "HTTP/1.1 200 OK"
2026-04-03T22:57:18 | INFO     | httpx | HTTP Request: GET https://api.tupinambaenergia.com.br/station/680a601adde342001f8cf51a "HTTP/1.1 200 OK"
2026-04-03T22:57:18 | INFO     | httpx | HTTP Request: GET https://api.tupinambaenergia.com.br/station/680a612a1a3a2a001fdbaf84 "HTTP/1.1 200 OK"
2026-04-03T22:57:19 | INFO     | httpx | HTTP Request: GET https://api.tupinambaenergia.com.br/station/680b89cd6c935d001f3bccf3 "HTTP/1.1 200 OK"
2026-04-03T22:57:20 | INFO     | httpx | HTTP Request: GET https://api.tupinambaenergia.com.br/station/680b8aeb6c935d001f3bf435 "HTTP/1.1 200 OK"
2026-04-03T22:57:20 | INFO     | httpx | HTTP Request: GET https://api.tupinambaenergia.com.br/station/680b8c7a926e00001f520199 "HTTP/1.1 200 OK"
2026-04-03T22:57:21 | INFO     | httpx | HTTP Request: GET https://api.tupinambaenergia.com.br/station/680ba3a658c9ba001f2a1ca0 "HTTP/1.1 200 OK"
2026-04-03T22:57:21 | INFO     | httpx | HTTP Request: GET https://api.tupinambaenergia.com.br/station/680ba504926e00001f55b21d "HTTP/1.1 200 OK"
2026-04-03T22:57:22 | INFO     | httpx | HTTP Request: GET https://api.tupinambaenergia.com.br/station/680ba756926e00001f55dce1 "HTTP/1.1 200 OK"
2026-04-03T22:57:23 | INFO     | httpx | HTTP Request: GET https://api.tupinambaenergia.com.br/station/680ba988926e00001f563d82 "HTTP/1.1 200 OK"
2026-04-03T22:57:23 | INFO     | httpx | HTTP Request: GET https://api.tupinambaenergia.com.br/station/680be9b96c935d001f4cbf41 "HTTP/1.1 200 OK"
2026-04-03T22:57:24 | INFO     | httpx | HTTP Request: GET https://api.tupinambaenergia.com.br/station/680fbdd447ddac001fb27ea5 "HTTP/1.1 200 OK"
2026-04-03T22:57:25 | INFO     | httpx | HTTP Request: GET https://api.tupinambaenergia.com.br/station/6810ccdc515ad1001fa0e99d "HTTP/1.1 200 OK"
2026-04-03T22:57:25 | INFO     | httpx | HTTP Request: GET https://api.tupinambaenergia.com.br/station/68120806771f05001fde8d4f "HTTP/1.1 200 OK"
2026-04-03T22:57:26 | INFO     | httpx | HTTP Request: GET https://api.tupinambaenergia.com.br/station/6814ffd2d949c6001f991c37 "HTTP/1.1 200 OK"
2026-04-03T22:57:26 | INFO     | httpx | HTTP Request: GET https://api.tupinambaenergia.com.br/station/681507bc47070f001f2ed7f7 "HTTP/1.1 200 OK"
2026-04-03T22:57:27 | INFO     | httpx | HTTP Request: GET https://api.tupinambaenergia.com.br/station/68150930d949c6001f9a64ef "HTTP/1.1 200 OK"
2026-04-03T22:57:28 | INFO     | httpx | HTTP Request: GET https://api.tupinambaenergia.com.br/station/6815096570eb2f001f85966e "HTTP/1.1 200 OK"
2026-04-03T22:57:28 | INFO     | httpx | HTTP Request: GET https://api.tupinambaenergia.com.br/station/681628c9d949c6001fc2e745 "HTTP/1.1 200 OK"
2026-04-03T22:57:29 | INFO     | httpx | HTTP Request: GET https://api.tupinambaenergia.com.br/station/6818eea2c24b54001f46164a "HTTP/1.1 200 OK"
2026-04-03T22:57:29 | INFO     | httpx | HTTP Request: GET https://api.tupinambaenergia.com.br/station/68193363c24b54001f54a34e "HTTP/1.1 200 OK"
2026-04-03T22:57:30 | INFO     | httpx | HTTP Request: GET https://api.tupinambaenergia.com.br/station/681933b5c24b54001f54acd2 "HTTP/1.1 200 OK"
2026-04-03T22:57:31 | INFO     | httpx | HTTP Request: GET https://api.tupinambaenergia.com.br/station/681a279e727c20001fba4526 "HTTP/1.1 200 OK"
2026-04-03T22:57:31 | INFO     | httpx | HTTP Request: GET https://api.tupinambaenergia.com.br/station/681a28120deeca001fffe56f "HTTP/1.1 200 OK"
2026-04-03T22:57:32 | INFO     | httpx | HTTP Request: GET https://api.tupinambaenergia.com.br/station/681a79f0727c20001fc66d86 "HTTP/1.1 200 OK"
2026-04-03T22:57:33 | INFO     | httpx | HTTP Request: GET https://api.tupinambaenergia.com.br/station/681ba7e9229e05001f5370f9 "HTTP/1.1 200 OK"
2026-04-03T22:57:34 | INFO     | httpx | HTTP Request: GET https://api.tupinambaenergia.com.br/station/681bc630229e05001f57f18a "HTTP/1.1 200 OK"
2026-04-03T22:57:34 | INFO     | httpx | HTTP Request: GET https://api.tupinambaenergia.com.br/station/681bd5d2b30814001eaa1dd8 "HTTP/1.1 200 OK"
2026-04-03T22:57:35 | INFO     | httpx | HTTP Request: GET https://api.tupinambaenergia.com.br/station/681bd61a229e05001f5a2fe8 "HTTP/1.1 200 OK"
2026-04-03T22:57:36 | INFO     | httpx | HTTP Request: GET https://api.tupinambaenergia.com.br/station/681e20e63b3a57001f2f129a "HTTP/1.1 200 OK"
2026-04-03T22:57:36 | INFO     | httpx | HTTP Request: GET https://api.tupinambaenergia.com.br/station/681e48aaf078b0001f4a8ae0 "HTTP/1.1 200 OK"
2026-04-03T22:57:37 | INFO     | httpx | HTTP Request: GET https://api.tupinambaenergia.com.br/station/682246e62dd9ff001fe1850c "HTTP/1.1 200 OK"
2026-04-03T22:57:38 | INFO     | httpx | HTTP Request: GET https://api.tupinambaenergia.com.br/station/682482db3f7704001f13b9da "HTTP/1.1 200 OK"
2026-04-03T22:57:38 | INFO     | httpx | HTTP Request: GET https://api.tupinambaenergia.com.br/station/682483563f7704001f13c300 "HTTP/1.1 200 OK"
2026-04-03T22:57:39 | INFO     | httpx | HTTP Request: GET https://api.tupinambaenergia.com.br/station/682502e03d9a44001f6921ed "HTTP/1.1 200 OK"
2026-04-03T22:57:40 | INFO     | httpx | HTTP Request: GET https://api.tupinambaenergia.com.br/station/6825419f3d9a44001f75852d "HTTP/1.1 200 OK"
2026-04-03T22:57:40 | INFO     | httpx | HTTP Request: GET https://api.tupinambaenergia.com.br/station/682643c115ed0b001f4304af "HTTP/1.1 200 OK"
2026-04-03T22:57:41 | INFO     | httpx | HTTP Request: GET https://api.tupinambaenergia.com.br/station/68264d7da1763a001f928adf "HTTP/1.1 200 OK"
2026-04-03T22:57:42 | INFO     | httpx | HTTP Request: GET https://api.tupinambaenergia.com.br/station/6826540f718c81001fbeef1f "HTTP/1.1 200 OK"
2026-04-03T22:57:42 | INFO     | httpx | HTTP Request: GET https://api.tupinambaenergia.com.br/station/68272f013d8728001f206c46 "HTTP/1.1 200 OK"
2026-04-03T22:57:43 | INFO     | httpx | HTTP Request: GET https://api.tupinambaenergia.com.br/station/682a52f6bf69ae001f2d160b "HTTP/1.1 200 OK"
2026-04-03T22:57:44 | INFO     | httpx | HTTP Request: GET https://api.tupinambaenergia.com.br/station/682c83ce23f157001f2c68a2 "HTTP/1.1 200 OK"
2026-04-03T22:57:44 | INFO     | httpx | HTTP Request: GET https://api.tupinambaenergia.com.br/station/682c8410245777001f7c7626 "HTTP/1.1 200 OK"
2026-04-03T22:57:45 | INFO     | httpx | HTTP Request: GET https://api.tupinambaenergia.com.br/station/682dc3644cbdda001fa9f92d "HTTP/1.1 200 OK"
2026-04-03T22:57:46 | INFO     | httpx | HTTP Request: GET https://api.tupinambaenergia.com.br/station/682dc73fa6da3b001f263dc9 "HTTP/1.1 200 OK"
2026-04-03T22:57:46 | INFO     | httpx | HTTP Request: GET https://api.tupinambaenergia.com.br/station/682dc9be4cbdda001fab3042 "HTTP/1.1 200 OK"
2026-04-03T22:57:47 | INFO     | httpx | HTTP Request: GET https://api.tupinambaenergia.com.br/station/682dcbc563269f001f7487f3 "HTTP/1.1 200 OK"
2026-04-03T22:57:48 | INFO     | httpx | HTTP Request: GET https://api.tupinambaenergia.com.br/station/682e0f077d6053001fc2da4a "HTTP/1.1 200 OK"
2026-04-03T22:57:48 | INFO     | httpx | HTTP Request: GET https://api.tupinambaenergia.com.br/station/682f1567366eac001fffe4b8 "HTTP/1.1 200 OK"
2026-04-03T22:57:49 | INFO     | httpx | HTTP Request: GET https://api.tupinambaenergia.com.br/station/682f16f0366eac001ffff488 "HTTP/1.1 200 OK"
2026-04-03T22:57:50 | INFO     | httpx | HTTP Request: GET https://api.tupinambaenergia.com.br/station/682f5d756e1ff7001f30036d "HTTP/1.1 200 OK"
2026-04-03T22:57:50 | INFO     | httpx | HTTP Request: GET https://api.tupinambaenergia.com.br/station/682f5f7bd66141001fa677b1 "HTTP/1.1 200 OK"
2026-04-03T22:57:51 | INFO     | httpx | HTTP Request: GET https://api.tupinambaenergia.com.br/station/682f6f66381e5f001fed4d6e "HTTP/1.1 200 OK"
2026-04-03T22:57:51 | INFO     | httpx | HTTP Request: GET https://api.tupinambaenergia.com.br/station/682f7227d66141001fa9aad0 "HTTP/1.1 200 OK"
2026-04-03T22:57:52 | INFO     | httpx | HTTP Request: GET https://api.tupinambaenergia.com.br/station/68306a3b8c8e3a001fb332fa "HTTP/1.1 200 OK"
2026-04-03T22:57:53 | INFO     | httpx | HTTP Request: GET https://api.tupinambaenergia.com.br/station/68306bd4bd43cf001f193092 "HTTP/1.1 200 OK"
2026-04-03T22:57:53 | INFO     | httpx | HTTP Request: GET https://api.tupinambaenergia.com.br/station/683092198c8e3a001fbbb70a "HTTP/1.1 200 OK"
2026-04-03T22:57:53 | INFO     | ingest.tupi | Tupi enrich: processed 700 / 2090
2026-04-03T22:57:54 | INFO     | httpx | HTTP Request: GET https://api.tupinambaenergia.com.br/station/683093748c8e3a001fbbf6cd "HTTP/1.1 200 OK"
2026-04-03T22:57:55 | INFO     | httpx | HTTP Request: GET https://api.tupinambaenergia.com.br/station/683094c5bd43cf001f22ea76 "HTTP/1.1 200 OK"
2026-04-03T22:57:55 | INFO     | httpx | HTTP Request: GET https://api.tupinambaenergia.com.br/station/6830960bbd43cf001f233ef2 "HTTP/1.1 200 OK"
2026-04-03T22:57:56 | INFO     | httpx | HTTP Request: GET https://api.tupinambaenergia.com.br/station/68309796c25d53001f715251 "HTTP/1.1 200 OK"
2026-04-03T22:57:56 | INFO     | httpx | HTTP Request: GET https://api.tupinambaenergia.com.br/station/68309a368c8e3a001fbcf4b0 "HTTP/1.1 200 OK"
2026-04-03T22:57:57 | INFO     | httpx | HTTP Request: GET https://api.tupinambaenergia.com.br/station/68309caacbdf30001fce51fc "HTTP/1.1 200 OK"
2026-04-03T22:57:58 | INFO     | httpx | HTTP Request: GET https://api.tupinambaenergia.com.br/station/68309d998c8e3a001fbd692c "HTTP/1.1 200 OK"
2026-04-03T22:57:58 | INFO     | httpx | HTTP Request: GET https://api.tupinambaenergia.com.br/station/6830af4877fa920020c427fb "HTTP/1.1 200 OK"
2026-04-03T22:57:59 | INFO     | httpx | HTTP Request: GET https://api.tupinambaenergia.com.br/station/6830d43677fa920020cd29c3 "HTTP/1.1 200 OK"
2026-04-03T22:58:00 | INFO     | httpx | HTTP Request: GET https://api.tupinambaenergia.com.br/station/6830db8cdd797f00205ee42b "HTTP/1.1 200 OK"
2026-04-03T22:58:00 | INFO     | httpx | HTTP Request: GET https://api.tupinambaenergia.com.br/station/6830dc8477fa920020cf1771 "HTTP/1.1 200 OK"
2026-04-03T22:58:01 | INFO     | httpx | HTTP Request: GET https://api.tupinambaenergia.com.br/station/6835bc5ec5d49c001ff1bd91 "HTTP/1.1 200 OK"
2026-04-03T22:58:01 | INFO     | httpx | HTTP Request: GET https://api.tupinambaenergia.com.br/station/6835bef65e3a91001ffa62a6 "HTTP/1.1 200 OK"
2026-04-03T22:58:02 | INFO     | httpx | HTTP Request: GET https://api.tupinambaenergia.com.br/station/6835e39742e270001f5eee99 "HTTP/1.1 200 OK"
2026-04-03T22:58:03 | INFO     | httpx | HTTP Request: GET https://api.tupinambaenergia.com.br/station/683624ae836365001f8fea08 "HTTP/1.1 200 OK"
2026-04-03T22:58:03 | INFO     | httpx | HTTP Request: GET https://api.tupinambaenergia.com.br/station/6837430e0f678a001f0e668d "HTTP/1.1 200 OK"
2026-04-03T22:58:04 | INFO     | httpx | HTTP Request: GET https://api.tupinambaenergia.com.br/station/68375df70f678a001f15492e "HTTP/1.1 200 OK"
2026-04-03T22:58:05 | INFO     | httpx | HTTP Request: GET https://api.tupinambaenergia.com.br/station/683871c63ca7c4002012e24e "HTTP/1.1 200 OK"
2026-04-03T22:58:05 | INFO     | httpx | HTTP Request: GET https://api.tupinambaenergia.com.br/station/6839ca5646e2e3001fa90ed0 "HTTP/1.1 200 OK"
2026-04-03T22:58:06 | INFO     | httpx | HTTP Request: GET https://api.tupinambaenergia.com.br/station/6839cce22ccc45001f9ff638 "HTTP/1.1 200 OK"
2026-04-03T22:58:06 | INFO     | httpx | HTTP Request: GET https://api.tupinambaenergia.com.br/station/6839cdd8bbc1b0001f668798 "HTTP/1.1 200 OK"
2026-04-03T22:58:07 | INFO     | httpx | HTTP Request: GET https://api.tupinambaenergia.com.br/station/6839cea22ccc45001fa016d5 "HTTP/1.1 200 OK"
2026-04-03T22:58:08 | INFO     | httpx | HTTP Request: GET https://api.tupinambaenergia.com.br/station/6839cf6f034429001f3a722c "HTTP/1.1 200 OK"
2026-04-03T22:58:08 | INFO     | httpx | HTTP Request: GET https://api.tupinambaenergia.com.br/station/6839d68cbbc1b0001f67a3bf "HTTP/1.1 200 OK"
2026-04-03T22:58:09 | INFO     | httpx | HTTP Request: GET https://api.tupinambaenergia.com.br/station/683a060d57b50b001f2996e9 "HTTP/1.1 200 OK"
2026-04-03T22:58:10 | INFO     | httpx | HTTP Request: GET https://api.tupinambaenergia.com.br/station/683da9153db81c001fe0e779 "HTTP/1.1 200 OK"
2026-04-03T22:58:10 | INFO     | httpx | HTTP Request: GET https://api.tupinambaenergia.com.br/station/683ddd282ccc45001f567e79 "HTTP/1.1 200 OK"
2026-04-03T22:58:11 | INFO     | httpx | HTTP Request: GET https://api.tupinambaenergia.com.br/station/683dfae43db81c001ff0f96c "HTTP/1.1 200 OK"
2026-04-03T22:58:11 | INFO     | httpx | HTTP Request: GET https://api.tupinambaenergia.com.br/station/683dfbe2cffd8f001f979658 "HTTP/1.1 200 OK"
2026-04-03T22:58:12 | INFO     | httpx | HTTP Request: GET https://api.tupinambaenergia.com.br/station/683dfc9f2ccc45001f5cbc4f "HTTP/1.1 200 OK"
2026-04-03T22:58:13 | INFO     | httpx | HTTP Request: GET https://api.tupinambaenergia.com.br/station/683dfd7d2ccc45001f5cc752 "HTTP/1.1 200 OK"
2026-04-03T22:58:13 | INFO     | httpx | HTTP Request: GET https://api.tupinambaenergia.com.br/station/68405dcbefbb88001fb06dde "HTTP/1.1 200 OK"
2026-04-03T22:58:14 | INFO     | httpx | HTTP Request: GET https://api.tupinambaenergia.com.br/station/684105dd3ef321001fd31d30 "HTTP/1.1 200 OK"
2026-04-03T22:58:14 | INFO     | httpx | HTTP Request: GET https://api.tupinambaenergia.com.br/station/684106e079483b001fd33c42 "HTTP/1.1 200 OK"
2026-04-03T22:58:15 | INFO     | httpx | HTTP Request: GET https://api.tupinambaenergia.com.br/station/68410c673ef321001fd44b4a "HTTP/1.1 200 OK"
2026-04-03T22:58:16 | INFO     | httpx | HTTP Request: GET https://api.tupinambaenergia.com.br/station/68410d863ef321001fd4b332 "HTTP/1.1 200 OK"
2026-04-03T22:58:16 | INFO     | httpx | HTTP Request: GET https://api.tupinambaenergia.com.br/station/68432b575a2702001fefa8d8 "HTTP/1.1 200 OK"
2026-04-03T22:58:17 | INFO     | httpx | HTTP Request: GET https://api.tupinambaenergia.com.br/station/68432cac10451b001feed41f "HTTP/1.1 200 OK"
2026-04-03T22:58:18 | INFO     | httpx | HTTP Request: GET https://api.tupinambaenergia.com.br/station/68432da513bdcf001f62bef4 "HTTP/1.1 200 OK"
2026-04-03T22:58:18 | INFO     | httpx | HTTP Request: GET https://api.tupinambaenergia.com.br/station/68435077e8a6d6001f51ade9 "HTTP/1.1 200 OK"
2026-04-03T22:58:19 | INFO     | httpx | HTTP Request: GET https://api.tupinambaenergia.com.br/station/68435187be5c80001f3aec33 "HTTP/1.1 200 OK"
2026-04-03T22:58:19 | INFO     | httpx | HTTP Request: GET https://api.tupinambaenergia.com.br/station/684352a0be5c80001f3b067f "HTTP/1.1 200 OK"
2026-04-03T22:58:20 | INFO     | httpx | HTTP Request: GET https://api.tupinambaenergia.com.br/station/6846e8ade8a6d6001f019060 "HTTP/1.1 200 OK"
2026-04-03T22:58:21 | INFO     | httpx | HTTP Request: GET https://api.tupinambaenergia.com.br/station/6846eb17e8a6d6001f02329f "HTTP/1.1 200 OK"
2026-04-03T22:58:21 | INFO     | httpx | HTTP Request: GET https://api.tupinambaenergia.com.br/station/6846ec8ce8a6d6001f02719b "HTTP/1.1 200 OK"
2026-04-03T22:58:22 | INFO     | httpx | HTTP Request: GET https://api.tupinambaenergia.com.br/station/6846edc6ec383c001ed41b4a "HTTP/1.1 200 OK"
2026-04-03T22:58:22 | INFO     | httpx | HTTP Request: GET https://api.tupinambaenergia.com.br/station/6846ef96e8a6d6001f03404f "HTTP/1.1 200 OK"
2026-04-03T22:58:23 | INFO     | httpx | HTTP Request: GET https://api.tupinambaenergia.com.br/station/6846f0c1ec383c001ed4c274 "HTTP/1.1 200 OK"
2026-04-03T22:58:24 | INFO     | httpx | HTTP Request: GET https://api.tupinambaenergia.com.br/station/6846f1e9e8a6d6001f03b40b "HTTP/1.1 200 OK"
2026-04-03T22:58:24 | INFO     | httpx | HTTP Request: GET https://api.tupinambaenergia.com.br/station/6846f2d4e8a6d6001f03d7e9 "HTTP/1.1 200 OK"
2026-04-03T22:58:25 | INFO     | httpx | HTTP Request: GET https://api.tupinambaenergia.com.br/station/6846f4d7e8a6d6001f046410 "HTTP/1.1 200 OK"
2026-04-03T22:58:26 | INFO     | httpx | HTTP Request: GET https://api.tupinambaenergia.com.br/station/6846f945e8a6d6001f054e12 "HTTP/1.1 200 OK"
2026-04-03T22:58:26 | INFO     | httpx | HTTP Request: GET https://api.tupinambaenergia.com.br/station/6846fb1aec383c001ed762cd "HTTP/1.1 200 OK"
2026-04-03T22:58:27 | INFO     | httpx | HTTP Request: GET https://api.tupinambaenergia.com.br/station/6846fbf6ec383c001ed7b045 "HTTP/1.1 200 OK"
2026-04-03T22:58:27 | INFO     | httpx | HTTP Request: GET https://api.tupinambaenergia.com.br/station/6846fd6fec383c001ed812f8 "HTTP/1.1 200 OK"
2026-04-03T22:58:28 | INFO     | httpx | HTTP Request: GET https://api.tupinambaenergia.com.br/station/6846fe7ce8a6d6001f0639c1 "HTTP/1.1 200 OK"
2026-04-03T22:58:29 | INFO     | httpx | HTTP Request: GET https://api.tupinambaenergia.com.br/station/6846ffb2e8a6d6001f067e01 "HTTP/1.1 200 OK"
2026-04-03T22:58:29 | INFO     | httpx | HTTP Request: GET https://api.tupinambaenergia.com.br/station/684700cfec383c001ed8f8a3 "HTTP/1.1 200 OK"
2026-04-03T22:58:30 | INFO     | httpx | HTTP Request: GET https://api.tupinambaenergia.com.br/station/6847017cec383c001ed92a6f "HTTP/1.1 200 OK"
2026-04-03T22:58:31 | INFO     | httpx | HTTP Request: GET https://api.tupinambaenergia.com.br/station/684702d1e8a6d6001f072b66 "HTTP/1.1 200 OK"
2026-04-03T22:58:31 | INFO     | httpx | HTTP Request: GET https://api.tupinambaenergia.com.br/station/684703b0e8a6d6001f07776a "HTTP/1.1 200 OK"
2026-04-03T22:58:32 | INFO     | httpx | HTTP Request: GET https://api.tupinambaenergia.com.br/station/68473956e8a6d6001f138059 "HTTP/1.1 200 OK"
2026-04-03T22:58:32 | INFO     | httpx | HTTP Request: GET https://api.tupinambaenergia.com.br/station/6848222ffff863001fc1b869 "HTTP/1.1 200 OK"
2026-04-03T22:58:33 | INFO     | httpx | HTTP Request: GET https://api.tupinambaenergia.com.br/station/68483d8ca5706a001f4d6ff9 "HTTP/1.1 200 OK"
2026-04-03T22:58:34 | INFO     | httpx | HTTP Request: GET https://api.tupinambaenergia.com.br/station/6848411efff863001fc6de19 "HTTP/1.1 200 OK"
2026-04-03T22:58:34 | INFO     | httpx | HTTP Request: GET https://api.tupinambaenergia.com.br/station/684841e7fff863001fc6f154 "HTTP/1.1 200 OK"
2026-04-03T22:58:35 | INFO     | httpx | HTTP Request: GET https://api.tupinambaenergia.com.br/station/6848427ea5706a001f4ef161 "HTTP/1.1 200 OK"
2026-04-03T22:58:36 | INFO     | httpx | HTTP Request: GET https://api.tupinambaenergia.com.br/station/68485dc1fff863001fccaef0 "HTTP/1.1 200 OK"
2026-04-03T22:58:36 | INFO     | httpx | HTTP Request: GET https://api.tupinambaenergia.com.br/station/6849b438e7f770001f19965d "HTTP/1.1 200 OK"
2026-04-03T22:58:37 | INFO     | httpx | HTTP Request: GET https://api.tupinambaenergia.com.br/station/684a1fee17ba0a001fa19491 "HTTP/1.1 200 OK"
2026-04-03T22:58:38 | INFO     | httpx | HTTP Request: GET https://api.tupinambaenergia.com.br/station/684ae9ce18f727001f5b0d62 "HTTP/1.1 200 OK"
2026-04-03T22:58:38 | INFO     | httpx | HTTP Request: GET https://api.tupinambaenergia.com.br/station/684aeb1acde4e4001ff47d61 "HTTP/1.1 200 OK"
2026-04-03T22:58:39 | INFO     | httpx | HTTP Request: GET https://api.tupinambaenergia.com.br/station/684aeda718f727001f5c0fa5 "HTTP/1.1 200 OK"
2026-04-03T22:58:39 | INFO     | httpx | HTTP Request: GET https://api.tupinambaenergia.com.br/station/684bff0643821b001fe3003d "HTTP/1.1 200 OK"
2026-04-03T22:58:40 | INFO     | httpx | HTTP Request: GET https://api.tupinambaenergia.com.br/station/684c033dbdc7f7001f2ecdd2 "HTTP/1.1 200 OK"
2026-04-03T22:58:41 | INFO     | httpx | HTTP Request: GET https://api.tupinambaenergia.com.br/station/684c3b0643821b001ff8aab4 "HTTP/1.1 200 OK"
2026-04-03T22:58:41 | INFO     | httpx | HTTP Request: GET https://api.tupinambaenergia.com.br/station/684c5d3515175a001f093275 "HTTP/1.1 200 OK"
2026-04-03T22:58:42 | INFO     | httpx | HTTP Request: GET https://api.tupinambaenergia.com.br/station/684c5e4315175a001f09b3cd "HTTP/1.1 200 OK"
2026-04-03T22:58:43 | INFO     | httpx | HTTP Request: GET https://api.tupinambaenergia.com.br/station/684c60a4327132001f153f80 "HTTP/1.1 200 OK"
2026-04-03T22:58:43 | INFO     | httpx | HTTP Request: GET https://api.tupinambaenergia.com.br/station/684c61f1b33fd8001ffc0acd "HTTP/1.1 200 OK"
2026-04-03T22:58:44 | INFO     | httpx | HTTP Request: GET https://api.tupinambaenergia.com.br/station/684c742ee9f244001f6f20cc "HTTP/1.1 200 OK"
2026-04-03T22:58:45 | INFO     | httpx | HTTP Request: GET https://api.tupinambaenergia.com.br/station/684ed631cacce6001f5b17e6 "HTTP/1.1 200 OK"
2026-04-03T22:58:45 | INFO     | httpx | HTTP Request: GET https://api.tupinambaenergia.com.br/station/684ed99bfc9c4e001fd310f0 "HTTP/1.1 200 OK"
2026-04-03T22:58:46 | INFO     | httpx | HTTP Request: GET https://api.tupinambaenergia.com.br/station/684eda30fc9c4e001fd33b86 "HTTP/1.1 200 OK"
2026-04-03T22:58:46 | INFO     | httpx | HTTP Request: GET https://api.tupinambaenergia.com.br/station/684eda9e2d7af6001fa7374b "HTTP/1.1 200 OK"
2026-04-03T22:58:47 | INFO     | httpx | HTTP Request: GET https://api.tupinambaenergia.com.br/station/68505172eb7c95001fb111f0 "HTTP/1.1 200 OK"
2026-04-03T22:58:48 | INFO     | httpx | HTTP Request: GET https://api.tupinambaenergia.com.br/station/68505794eb7c95001fb2685f "HTTP/1.1 200 OK"
2026-04-03T22:58:48 | INFO     | httpx | HTTP Request: GET https://api.tupinambaenergia.com.br/station/68505fb7da8cc6001f7dab6b "HTTP/1.1 200 OK"
2026-04-03T22:58:49 | INFO     | httpx | HTTP Request: GET https://api.tupinambaenergia.com.br/station/68506c94eb7c95001fb8c35e "HTTP/1.1 200 OK"
2026-04-03T22:58:49 | INFO     | httpx | HTTP Request: GET https://api.tupinambaenergia.com.br/station/68515b3ceb7c95001feaee66 "HTTP/1.1 200 OK"
2026-04-03T22:58:50 | INFO     | httpx | HTTP Request: GET https://api.tupinambaenergia.com.br/station/68516356eb7c95001fed23be "HTTP/1.1 200 OK"
2026-04-03T22:58:51 | INFO     | httpx | HTTP Request: GET https://api.tupinambaenergia.com.br/station/68516c05eb7c95001fefd1c4 "HTTP/1.1 200 OK"
2026-04-03T22:58:51 | INFO     | httpx | HTTP Request: GET https://api.tupinambaenergia.com.br/station/6852bd2ef18271001f85c0e8 "HTTP/1.1 200 OK"
2026-04-03T22:58:52 | INFO     | httpx | HTTP Request: GET https://api.tupinambaenergia.com.br/station/6852c301f18271001f86efbd "HTTP/1.1 200 OK"
2026-04-03T22:58:53 | INFO     | httpx | HTTP Request: GET https://api.tupinambaenergia.com.br/station/6853013fd9c368001f1067e4 "HTTP/1.1 200 OK"
2026-04-03T22:58:53 | INFO     | httpx | HTTP Request: GET https://api.tupinambaenergia.com.br/station/685311c20b156a001f081c60 "HTTP/1.1 200 OK"
2026-04-03T22:58:54 | INFO     | httpx | HTTP Request: GET https://api.tupinambaenergia.com.br/station/68531e8f40b002001f1ba3e7 "HTTP/1.1 200 OK"
2026-04-03T22:58:54 | INFO     | httpx | HTTP Request: GET https://api.tupinambaenergia.com.br/station/6859c26ce53755001fefe27e "HTTP/1.1 200 OK"
2026-04-03T22:58:55 | INFO     | httpx | HTTP Request: GET https://api.tupinambaenergia.com.br/station/6859c2f0a06ff7001fad3626 "HTTP/1.1 200 OK"
2026-04-03T22:58:56 | INFO     | httpx | HTTP Request: GET https://api.tupinambaenergia.com.br/station/6859c380e53755001ff04a8e "HTTP/1.1 200 OK"
2026-04-03T22:58:56 | INFO     | ingest.tupi | Tupi enrich: processed 800 / 2090
2026-04-03T22:58:56 | INFO     | httpx | HTTP Request: GET https://api.tupinambaenergia.com.br/station/6859c3c3e53755001ff06e81 "HTTP/1.1 200 OK"
2026-04-03T22:58:57 | INFO     | httpx | HTTP Request: GET https://api.tupinambaenergia.com.br/station/685a9fb4405f51001f2737c1 "HTTP/1.1 200 OK"
2026-04-03T22:58:57 | INFO     | httpx | HTTP Request: GET https://api.tupinambaenergia.com.br/station/685ade21dca2f0001f6430bc "HTTP/1.1 200 OK"
2026-04-03T22:58:58 | INFO     | httpx | HTTP Request: GET https://api.tupinambaenergia.com.br/station/685adee9fe1df4001f8ac778 "HTTP/1.1 200 OK"
2026-04-03T22:58:59 | INFO     | httpx | HTTP Request: GET https://api.tupinambaenergia.com.br/station/685aec0ffe1df4001f8de450 "HTTP/1.1 200 OK"
2026-04-03T22:58:59 | INFO     | httpx | HTTP Request: GET https://api.tupinambaenergia.com.br/station/685af945dca2f0001f69fb8e "HTTP/1.1 200 OK"
2026-04-03T22:59:00 | INFO     | httpx | HTTP Request: GET https://api.tupinambaenergia.com.br/station/685bf4e6fe1df4001fc2dbd4 "HTTP/1.1 200 OK"
2026-04-03T22:59:00 | INFO     | httpx | HTTP Request: GET https://api.tupinambaenergia.com.br/station/685c3621fe1df4001fd43d7d "HTTP/1.1 200 OK"
2026-04-03T22:59:01 | INFO     | httpx | HTTP Request: GET https://api.tupinambaenergia.com.br/station/685c90ad8cabff001fcd33cc "HTTP/1.1 200 OK"
2026-04-03T22:59:02 | INFO     | httpx | HTTP Request: GET https://api.tupinambaenergia.com.br/station/685e8dabb7a173001f67ffd1 "HTTP/1.1 200 OK"
2026-04-03T22:59:02 | INFO     | httpx | HTTP Request: GET https://api.tupinambaenergia.com.br/station/685ea3a693d58c001fcbcdee "HTTP/1.1 200 OK"
2026-04-03T22:59:03 | INFO     | httpx | HTTP Request: GET https://api.tupinambaenergia.com.br/station/685ea51028ac7b001f963e4a "HTTP/1.1 200 OK"
2026-04-03T22:59:03 | INFO     | httpx | HTTP Request: GET https://api.tupinambaenergia.com.br/station/685ea70193d58c001fcc8317 "HTTP/1.1 200 OK"
2026-04-03T22:59:04 | INFO     | httpx | HTTP Request: GET https://api.tupinambaenergia.com.br/station/685ea86b93d58c001fcce899 "HTTP/1.1 200 OK"
2026-04-03T22:59:05 | INFO     | httpx | HTTP Request: GET https://api.tupinambaenergia.com.br/station/685ea9ff28ac7b001f97157f "HTTP/1.1 200 OK"
2026-04-03T22:59:05 | INFO     | httpx | HTTP Request: GET https://api.tupinambaenergia.com.br/station/685eab6728ac7b001f976d38 "HTTP/1.1 200 OK"
2026-04-03T22:59:06 | INFO     | httpx | HTTP Request: GET https://api.tupinambaenergia.com.br/station/685ead3028ac7b001f97b7ac "HTTP/1.1 200 OK"
2026-04-03T22:59:07 | INFO     | httpx | HTTP Request: GET https://api.tupinambaenergia.com.br/station/685eb0bb93d58c001fcef5b9 "HTTP/1.1 200 OK"
2026-04-03T22:59:07 | INFO     | httpx | HTTP Request: GET https://api.tupinambaenergia.com.br/station/685eb20ed5d26a001fa3fc28 "HTTP/1.1 200 OK"
2026-04-03T22:59:08 | INFO     | httpx | HTTP Request: GET https://api.tupinambaenergia.com.br/station/685ebf4e28ac7b001f9af8e2 "HTTP/1.1 200 OK"
2026-04-03T22:59:08 | INFO     | httpx | HTTP Request: GET https://api.tupinambaenergia.com.br/station/685ed762d38510001ffa0eef "HTTP/1.1 200 OK"
2026-04-03T22:59:09 | INFO     | httpx | HTTP Request: GET https://api.tupinambaenergia.com.br/station/685ed91d30e419001ff48e39 "HTTP/1.1 200 OK"
2026-04-03T22:59:10 | INFO     | httpx | HTTP Request: GET https://api.tupinambaenergia.com.br/station/685eefb4e2c3f8001f521fa7 "HTTP/1.1 200 OK"
2026-04-03T22:59:10 | INFO     | httpx | HTTP Request: GET https://api.tupinambaenergia.com.br/station/68629ed586c88d001f64ddc1 "HTTP/1.1 200 OK"
2026-04-03T22:59:11 | INFO     | httpx | HTTP Request: GET https://api.tupinambaenergia.com.br/station/6862c54e86c88d001f6da75d "HTTP/1.1 200 OK"
2026-04-03T22:59:11 | INFO     | httpx | HTTP Request: GET https://api.tupinambaenergia.com.br/station/6862c66ca74866001f4d1a0d "HTTP/1.1 200 OK"
2026-04-03T22:59:12 | INFO     | httpx | HTTP Request: GET https://api.tupinambaenergia.com.br/station/6862cb0f86c88d001f6eea4d "HTTP/1.1 200 OK"
2026-04-03T22:59:13 | INFO     | httpx | HTTP Request: GET https://api.tupinambaenergia.com.br/station/6862cb72a74866001f4e64e6 "HTTP/1.1 200 OK"
2026-04-03T22:59:13 | INFO     | httpx | HTTP Request: GET https://api.tupinambaenergia.com.br/station/6862d74986c88d001f73161b "HTTP/1.1 200 OK"
2026-04-03T22:59:14 | INFO     | httpx | HTTP Request: GET https://api.tupinambaenergia.com.br/station/6862dba1a74866001f52fec5 "HTTP/1.1 200 OK"
2026-04-03T22:59:15 | INFO     | httpx | HTTP Request: GET https://api.tupinambaenergia.com.br/station/6862df6eeb7267001fec1054 "HTTP/1.1 200 OK"
2026-04-03T22:59:15 | INFO     | httpx | HTTP Request: GET https://api.tupinambaenergia.com.br/station/6863d66215c5e8001f762b88 "HTTP/1.1 200 OK"
2026-04-03T22:59:16 | INFO     | httpx | HTTP Request: GET https://api.tupinambaenergia.com.br/station/6863dd0415c5e8001f77aa4e "HTTP/1.1 200 OK"
2026-04-03T22:59:16 | INFO     | httpx | HTTP Request: GET https://api.tupinambaenergia.com.br/station/6863e9adb06861001e124cc0 "HTTP/1.1 200 OK"
2026-04-03T22:59:17 | INFO     | httpx | HTTP Request: GET https://api.tupinambaenergia.com.br/station/6863fbea15c5e8001f846d4a "HTTP/1.1 200 OK"
2026-04-03T22:59:18 | INFO     | httpx | HTTP Request: GET https://api.tupinambaenergia.com.br/station/6864203715c5e8001f923954 "HTTP/1.1 200 OK"
2026-04-03T22:59:18 | INFO     | httpx | HTTP Request: GET https://api.tupinambaenergia.com.br/station/68642a78b644db001f585912 "HTTP/1.1 200 OK"
2026-04-03T22:59:19 | INFO     | httpx | HTTP Request: GET https://api.tupinambaenergia.com.br/station/68644502c0efd8001fb0da1f "HTTP/1.1 200 OK"
2026-04-03T22:59:20 | INFO     | httpx | HTTP Request: GET https://api.tupinambaenergia.com.br/station/68644c4d26e1a7001f7e2828 "HTTP/1.1 200 OK"
2026-04-03T22:59:20 | INFO     | httpx | HTTP Request: GET https://api.tupinambaenergia.com.br/station/68644d5626e1a7001f7e4803 "HTTP/1.1 200 OK"
2026-04-03T22:59:21 | INFO     | httpx | HTTP Request: GET https://api.tupinambaenergia.com.br/station/68644ee5a3453d001faf9600 "HTTP/1.1 200 OK"
2026-04-03T22:59:22 | INFO     | httpx | HTTP Request: GET https://api.tupinambaenergia.com.br/station/68644f8b26e1a7001f7e8235 "HTTP/1.1 200 OK"
2026-04-03T22:59:22 | INFO     | httpx | HTTP Request: GET https://api.tupinambaenergia.com.br/station/686451e226e1a7001f7eed80 "HTTP/1.1 200 OK"
2026-04-03T22:59:23 | INFO     | httpx | HTTP Request: GET https://api.tupinambaenergia.com.br/station/686537ba55c3c3001f23eeb6 "HTTP/1.1 200 OK"
2026-04-03T22:59:23 | INFO     | httpx | HTTP Request: GET https://api.tupinambaenergia.com.br/station/686538cee4e0e5001fa87572 "HTTP/1.1 200 OK"
2026-04-03T22:59:24 | INFO     | httpx | HTTP Request: GET https://api.tupinambaenergia.com.br/station/68653a01415447001fe5daa2 "HTTP/1.1 200 OK"
2026-04-03T22:59:25 | INFO     | httpx | HTTP Request: GET https://api.tupinambaenergia.com.br/station/68653afc7242c6001f45a7ae "HTTP/1.1 200 OK"
2026-04-03T22:59:25 | INFO     | httpx | HTTP Request: GET https://api.tupinambaenergia.com.br/station/686541487242c6001f46a355 "HTTP/1.1 200 OK"
2026-04-03T22:59:26 | INFO     | httpx | HTTP Request: GET https://api.tupinambaenergia.com.br/station/6865746a778387001f92aa4d "HTTP/1.1 200 OK"
2026-04-03T22:59:27 | INFO     | httpx | HTTP Request: GET https://api.tupinambaenergia.com.br/station/686582c1778387001f986830 "HTTP/1.1 200 OK"
2026-04-03T22:59:27 | INFO     | httpx | HTTP Request: GET https://api.tupinambaenergia.com.br/station/68658356d5c518001f2913b1 "HTTP/1.1 200 OK"
2026-04-03T22:59:28 | INFO     | httpx | HTTP Request: GET https://api.tupinambaenergia.com.br/station/68658959d5c518001f2ab493 "HTTP/1.1 200 OK"
2026-04-03T22:59:28 | INFO     | httpx | HTTP Request: GET https://api.tupinambaenergia.com.br/station/6867e66ee12e00001fd49403 "HTTP/1.1 200 OK"
2026-04-03T22:59:29 | INFO     | httpx | HTTP Request: GET https://api.tupinambaenergia.com.br/station/6867e6ded00d6d001ffce08d "HTTP/1.1 200 OK"
2026-04-03T22:59:30 | INFO     | httpx | HTTP Request: GET https://api.tupinambaenergia.com.br/station/6867fd3fd00d6d001f01c031 "HTTP/1.1 200 OK"
2026-04-03T22:59:31 | INFO     | httpx | HTTP Request: GET https://api.tupinambaenergia.com.br/station/6869459a6546c7001fb1c01d "HTTP/1.1 200 OK"
2026-04-03T22:59:31 | INFO     | httpx | HTTP Request: GET https://api.tupinambaenergia.com.br/station/686b5dd36546c7001f2ddd19 "HTTP/1.1 200 OK"
2026-04-03T22:59:32 | INFO     | httpx | HTTP Request: GET https://api.tupinambaenergia.com.br/station/686b5e9a6546c7001f2de4e5 "HTTP/1.1 200 OK"
2026-04-03T22:59:32 | INFO     | httpx | HTTP Request: GET https://api.tupinambaenergia.com.br/station/686b5efb6546c7001f2debb5 "HTTP/1.1 200 OK"
2026-04-03T22:59:33 | INFO     | httpx | HTTP Request: GET https://api.tupinambaenergia.com.br/station/686b5fb7d00d6d001fb4b7e3 "HTTP/1.1 200 OK"
2026-04-03T22:59:34 | INFO     | httpx | HTTP Request: GET https://api.tupinambaenergia.com.br/station/686b84e06546c7001f3002cc "HTTP/1.1 200 OK"
2026-04-03T22:59:34 | INFO     | httpx | HTTP Request: GET https://api.tupinambaenergia.com.br/station/686b85626546c7001f30082a "HTTP/1.1 200 OK"
2026-04-03T22:59:35 | INFO     | httpx | HTTP Request: GET https://api.tupinambaenergia.com.br/station/686b85ac6546c7001f300ce8 "HTTP/1.1 200 OK"
2026-04-03T22:59:35 | INFO     | httpx | HTTP Request: GET https://api.tupinambaenergia.com.br/station/686be1d3d00d6d001fd0a1fe "HTTP/1.1 200 OK"
2026-04-03T22:59:36 | INFO     | httpx | HTTP Request: GET https://api.tupinambaenergia.com.br/station/686be306d00d6d001fd0f489 "HTTP/1.1 200 OK"
2026-04-03T22:59:37 | INFO     | httpx | HTTP Request: GET https://api.tupinambaenergia.com.br/station/686bf70cd00d6d001fd57bda "HTTP/1.1 200 OK"
2026-04-03T22:59:37 | INFO     | httpx | HTTP Request: GET https://api.tupinambaenergia.com.br/station/686c108d8fe097001ff4067c "HTTP/1.1 200 OK"
2026-04-03T22:59:38 | INFO     | httpx | HTTP Request: GET https://api.tupinambaenergia.com.br/station/686c11f78fe097001ff44e3f "HTTP/1.1 200 OK"
2026-04-03T22:59:39 | INFO     | httpx | HTTP Request: GET https://api.tupinambaenergia.com.br/station/686d1494c52c65001fa203ac "HTTP/1.1 200 OK"
2026-04-03T22:59:39 | INFO     | httpx | HTTP Request: GET https://api.tupinambaenergia.com.br/station/686d26583c86ef001fa283aa "HTTP/1.1 200 OK"
2026-04-03T22:59:40 | INFO     | httpx | HTTP Request: GET https://api.tupinambaenergia.com.br/station/686d2bca3c86ef001fa3b029 "HTTP/1.1 200 OK"
2026-04-03T22:59:41 | INFO     | httpx | HTTP Request: GET https://api.tupinambaenergia.com.br/station/686d3a8ac52c65001faaa7dc "HTTP/1.1 200 OK"
2026-04-03T22:59:41 | INFO     | httpx | HTTP Request: GET https://api.tupinambaenergia.com.br/station/686d4dd94e7f18001fa039fb "HTTP/1.1 200 OK"
2026-04-03T22:59:42 | INFO     | httpx | HTTP Request: GET https://api.tupinambaenergia.com.br/station/686e6cf62353c5001f8441ad "HTTP/1.1 200 OK"
2026-04-03T22:59:43 | INFO     | httpx | HTTP Request: GET https://api.tupinambaenergia.com.br/station/686fb64d80fcab001f13f99f "HTTP/1.1 200 OK"
2026-04-03T22:59:43 | INFO     | httpx | HTTP Request: GET https://api.tupinambaenergia.com.br/station/686fbbc94133ef001fce4a8e "HTTP/1.1 200 OK"
2026-04-03T22:59:44 | INFO     | httpx | HTTP Request: GET https://api.tupinambaenergia.com.br/station/686fbc094133ef001fce58fb "HTTP/1.1 200 OK"
2026-04-03T22:59:44 | INFO     | httpx | HTTP Request: GET https://api.tupinambaenergia.com.br/station/686fbf21020e48001f655195 "HTTP/1.1 200 OK"
2026-04-03T22:59:45 | INFO     | httpx | HTTP Request: GET https://api.tupinambaenergia.com.br/station/686ff87037b2b5001f1cc374 "HTTP/1.1 200 OK"
2026-04-03T22:59:46 | INFO     | httpx | HTTP Request: GET https://api.tupinambaenergia.com.br/station/68710c2c09b998001f4d4a5e "HTTP/1.1 200 OK"
2026-04-03T22:59:47 | INFO     | httpx | HTTP Request: GET https://api.tupinambaenergia.com.br/station/68713cefaaa323001f72f0bf "HTTP/1.1 200 OK"
2026-04-03T22:59:47 | INFO     | httpx | HTTP Request: GET https://api.tupinambaenergia.com.br/station/687146edaaa323001f76389d "HTTP/1.1 200 OK"
2026-04-03T22:59:48 | INFO     | httpx | HTTP Request: GET https://api.tupinambaenergia.com.br/station/6871494b3d9a08001f41145c "HTTP/1.1 200 OK"
2026-04-03T22:59:49 | INFO     | httpx | HTTP Request: GET https://api.tupinambaenergia.com.br/station/68714ac4aaa323001f770114 "HTTP/1.1 200 OK"
2026-04-03T22:59:49 | INFO     | httpx | HTTP Request: GET https://api.tupinambaenergia.com.br/station/687156a9aaa323001f790e4c "HTTP/1.1 200 OK"
2026-04-03T22:59:50 | INFO     | httpx | HTTP Request: GET https://api.tupinambaenergia.com.br/station/687166b9aaa323001f7ddf3f "HTTP/1.1 200 OK"
2026-04-03T22:59:51 | INFO     | httpx | HTTP Request: GET https://api.tupinambaenergia.com.br/station/6871787ab3efe6001f2ce7c0 "HTTP/1.1 200 OK"
2026-04-03T22:59:52 | INFO     | httpx | HTTP Request: GET https://api.tupinambaenergia.com.br/station/687179084bafcd001f15f678 "HTTP/1.1 200 OK"
2026-04-03T22:59:52 | INFO     | httpx | HTTP Request: GET https://api.tupinambaenergia.com.br/station/68726fa4b3efe6001f60e920 "HTTP/1.1 200 OK"
2026-04-03T22:59:53 | INFO     | httpx | HTTP Request: GET https://api.tupinambaenergia.com.br/station/68727005aaa323001fc15c2b "HTTP/1.1 200 OK"
2026-04-03T22:59:53 | INFO     | httpx | HTTP Request: GET https://api.tupinambaenergia.com.br/station/6875122bcdf3f1001fa39d1f "HTTP/1.1 200 OK"
2026-04-03T22:59:54 | INFO     | httpx | HTTP Request: GET https://api.tupinambaenergia.com.br/station/68751666cdf3f1001fa56952 "HTTP/1.1 200 OK"
2026-04-03T22:59:55 | INFO     | httpx | HTTP Request: GET https://api.tupinambaenergia.com.br/station/687663794cd645001f9b7ac9 "HTTP/1.1 200 OK"
2026-04-03T22:59:55 | INFO     | httpx | HTTP Request: GET https://api.tupinambaenergia.com.br/station/6876bd5b5846a1001ff77180 "HTTP/1.1 200 OK"
2026-04-03T22:59:56 | INFO     | httpx | HTTP Request: GET https://api.tupinambaenergia.com.br/station/6877cb12eae44f001fb83a00 "HTTP/1.1 200 OK"
2026-04-03T22:59:56 | INFO     | httpx | HTTP Request: GET https://api.tupinambaenergia.com.br/station/6878eda338cc50001fcfc4e3 "HTTP/1.1 200 OK"
2026-04-03T22:59:57 | INFO     | httpx | HTTP Request: GET https://api.tupinambaenergia.com.br/station/687904eb38cc50001fd4227f "HTTP/1.1 200 OK"
2026-04-03T22:59:58 | INFO     | httpx | HTTP Request: GET https://api.tupinambaenergia.com.br/station/6879427c1f4442001f9da4eb "HTTP/1.1 200 OK"
2026-04-03T22:59:58 | INFO     | httpx | HTTP Request: GET https://api.tupinambaenergia.com.br/station/687943e456d05e001f4a8c7d "HTTP/1.1 200 OK"
2026-04-03T22:59:59 | INFO     | httpx | HTTP Request: GET https://api.tupinambaenergia.com.br/station/687958c81f4442001fa1fb9f "HTTP/1.1 200 OK"
2026-04-03T22:59:59 | INFO     | ingest.tupi | Tupi enrich: processed 900 / 2090
2026-04-03T23:00:00 | INFO     | httpx | HTTP Request: GET https://api.tupinambaenergia.com.br/station/687a4ea085ccfb001f6933a5 "HTTP/1.1 200 OK"
2026-04-03T23:00:00 | INFO     | httpx | HTTP Request: GET https://api.tupinambaenergia.com.br/station/687e3a328855e4001f5d40f0 "HTTP/1.1 200 OK"
2026-04-03T23:00:01 | INFO     | httpx | HTTP Request: GET https://api.tupinambaenergia.com.br/station/687e434a8855e4001f5ee455 "HTTP/1.1 200 OK"
2026-04-03T23:00:01 | INFO     | httpx | HTTP Request: GET https://api.tupinambaenergia.com.br/station/687e52a355a92b001f23d2ec "HTTP/1.1 200 OK"
2026-04-03T23:00:02 | INFO     | httpx | HTTP Request: GET https://api.tupinambaenergia.com.br/station/687e67cf8855e4001f636a56 "HTTP/1.1 200 OK"
2026-04-03T23:00:03 | INFO     | httpx | HTTP Request: GET https://api.tupinambaenergia.com.br/station/687e6c2f55a92b001f27802b "HTTP/1.1 200 OK"
2026-04-03T23:00:03 | INFO     | httpx | HTTP Request: GET https://api.tupinambaenergia.com.br/station/687f8afe8855e4001f8636dd "HTTP/1.1 200 OK"
2026-04-03T23:00:04 | INFO     | httpx | HTTP Request: GET https://api.tupinambaenergia.com.br/station/687f93ce8855e4001f87821b "HTTP/1.1 200 OK"
2026-04-03T23:00:05 | INFO     | httpx | HTTP Request: GET https://api.tupinambaenergia.com.br/station/68810295027b49001f573aa2 "HTTP/1.1 200 OK"
2026-04-03T23:00:05 | INFO     | httpx | HTTP Request: GET https://api.tupinambaenergia.com.br/station/68812b65288d1a001fd0d088 "HTTP/1.1 200 OK"
2026-04-03T23:00:06 | INFO     | httpx | HTTP Request: GET https://api.tupinambaenergia.com.br/station/688237add49ecb001f86be25 "HTTP/1.1 200 OK"
2026-04-03T23:00:06 | INFO     | httpx | HTTP Request: GET https://api.tupinambaenergia.com.br/station/68828232996600001fa90b6b "HTTP/1.1 200 OK"
2026-04-03T23:00:07 | INFO     | httpx | HTTP Request: GET https://api.tupinambaenergia.com.br/station/688282986025ea001f22ab85 "HTTP/1.1 200 OK"
2026-04-03T23:00:08 | INFO     | httpx | HTTP Request: GET https://api.tupinambaenergia.com.br/station/688292a343a8a2001f6d8b00 "HTTP/1.1 200 OK"
2026-04-03T23:00:08 | INFO     | httpx | HTTP Request: GET https://api.tupinambaenergia.com.br/station/6883a6923d44470020de935a "HTTP/1.1 200 OK"
2026-04-03T23:00:09 | INFO     | httpx | HTTP Request: GET https://api.tupinambaenergia.com.br/station/6883a8653d44470020deca3f "HTTP/1.1 200 OK"
2026-04-03T23:00:10 | INFO     | httpx | HTTP Request: GET https://api.tupinambaenergia.com.br/station/6883d9c529a417001fa17c98 "HTTP/1.1 200 OK"
2026-04-03T23:00:10 | INFO     | httpx | HTTP Request: GET https://api.tupinambaenergia.com.br/station/6883e2b529a417001fa360ab "HTTP/1.1 200 OK"
2026-04-03T23:00:11 | INFO     | httpx | HTTP Request: GET https://api.tupinambaenergia.com.br/station/6883e3c03d44470020e8d0d8 "HTTP/1.1 200 OK"
2026-04-03T23:00:11 | INFO     | httpx | HTTP Request: GET https://api.tupinambaenergia.com.br/station/6883e54e29a417001fa3ce37 "HTTP/1.1 200 OK"
2026-04-03T23:00:12 | INFO     | httpx | HTTP Request: GET https://api.tupinambaenergia.com.br/station/6883fbb43faaa7001fd8878a "HTTP/1.1 200 OK"
2026-04-03T23:00:13 | INFO     | httpx | HTTP Request: GET https://api.tupinambaenergia.com.br/station/688789d23911c8001feb0929 "HTTP/1.1 200 OK"
2026-04-03T23:00:13 | INFO     | httpx | HTTP Request: GET https://api.tupinambaenergia.com.br/station/6887926fd9f79b001fbdf439 "HTTP/1.1 200 OK"
2026-04-03T23:00:14 | INFO     | httpx | HTTP Request: GET https://api.tupinambaenergia.com.br/station/6887983f4ac4640020f6654d "HTTP/1.1 200 OK"
2026-04-03T23:00:15 | INFO     | httpx | HTTP Request: GET https://api.tupinambaenergia.com.br/station/68879985d9f79b001fbf11db "HTTP/1.1 200 OK"
2026-04-03T23:00:15 | INFO     | httpx | HTTP Request: GET https://api.tupinambaenergia.com.br/station/68879ad14ac4640020f6ad02 "HTTP/1.1 200 OK"
2026-04-03T23:00:16 | INFO     | httpx | HTTP Request: GET https://api.tupinambaenergia.com.br/station/68879badd9f79b001fbf4b77 "HTTP/1.1 200 OK"
2026-04-03T23:00:17 | INFO     | httpx | HTTP Request: GET https://api.tupinambaenergia.com.br/station/68879dcc0291e4001fbc0292 "HTTP/1.1 200 OK"
2026-04-03T23:00:17 | INFO     | httpx | HTTP Request: GET https://api.tupinambaenergia.com.br/station/6887b6e5fc5305001f05a73d "HTTP/1.1 200 OK"
2026-04-03T23:00:18 | INFO     | httpx | HTTP Request: GET https://api.tupinambaenergia.com.br/station/6887b8b4fc5305001f0605f6 "HTTP/1.1 200 OK"
2026-04-03T23:00:18 | INFO     | httpx | HTTP Request: GET https://api.tupinambaenergia.com.br/station/6887b99d0291e4001fbf3278 "HTTP/1.1 200 OK"
2026-04-03T23:00:19 | INFO     | httpx | HTTP Request: GET https://api.tupinambaenergia.com.br/station/6887bb4cfc5305001f069513 "HTTP/1.1 200 OK"
2026-04-03T23:00:20 | INFO     | httpx | HTTP Request: GET https://api.tupinambaenergia.com.br/station/6887bf14d9f79b001fc4ca2b "HTTP/1.1 200 OK"
2026-04-03T23:00:20 | INFO     | httpx | HTTP Request: GET https://api.tupinambaenergia.com.br/station/6887c16d0291e4001fc0511a "HTTP/1.1 200 OK"
2026-04-03T23:00:21 | INFO     | httpx | HTTP Request: GET https://api.tupinambaenergia.com.br/station/6887c2bffc5305001f07a7fc "HTTP/1.1 200 OK"
2026-04-03T23:00:22 | INFO     | httpx | HTTP Request: GET https://api.tupinambaenergia.com.br/station/6887c3e80291e4001fc0ad9b "HTTP/1.1 200 OK"
2026-04-03T23:00:22 | INFO     | httpx | HTTP Request: GET https://api.tupinambaenergia.com.br/station/6887c52ad9f79b001fc59a6f "HTTP/1.1 200 OK"
2026-04-03T23:00:23 | INFO     | httpx | HTTP Request: GET https://api.tupinambaenergia.com.br/station/68881cc60d8054001fc7ff55 "HTTP/1.1 200 OK"
2026-04-03T23:00:23 | INFO     | httpx | HTTP Request: GET https://api.tupinambaenergia.com.br/station/6888ba50bbf5b2001f3b6cab "HTTP/1.1 200 OK"
2026-04-03T23:00:24 | INFO     | httpx | HTTP Request: GET https://api.tupinambaenergia.com.br/station/6888bbb9bbf5b2001f3bae74 "HTTP/1.1 200 OK"
2026-04-03T23:00:25 | INFO     | httpx | HTTP Request: GET https://api.tupinambaenergia.com.br/station/6888bdd2bbf5b2001f3bf76a "HTTP/1.1 200 OK"
2026-04-03T23:00:25 | INFO     | httpx | HTTP Request: GET https://api.tupinambaenergia.com.br/station/6888bec8bbf5b2001f3c14af "HTTP/1.1 200 OK"
2026-04-03T23:00:26 | INFO     | httpx | HTTP Request: GET https://api.tupinambaenergia.com.br/station/6888c012bbf5b2001f3c4705 "HTTP/1.1 200 OK"
2026-04-03T23:00:26 | INFO     | httpx | HTTP Request: GET https://api.tupinambaenergia.com.br/station/6888cec0110c61001ffe198e "HTTP/1.1 200 OK"
2026-04-03T23:00:27 | INFO     | httpx | HTTP Request: GET https://api.tupinambaenergia.com.br/station/6888d68229db96001f41cbfd "HTTP/1.1 200 OK"
2026-04-03T23:00:28 | INFO     | httpx | HTTP Request: GET https://api.tupinambaenergia.com.br/station/688907c629db96001f4a8fce "HTTP/1.1 200 OK"
2026-04-03T23:00:29 | INFO     | httpx | HTTP Request: GET https://api.tupinambaenergia.com.br/station/68890b650439f7001f38ab2a "HTTP/1.1 200 OK"
2026-04-03T23:00:29 | INFO     | httpx | HTTP Request: GET https://api.tupinambaenergia.com.br/station/688a1a5529db96001f6cb5a4 "HTTP/1.1 200 OK"
2026-04-03T23:00:30 | INFO     | httpx | HTTP Request: GET https://api.tupinambaenergia.com.br/station/688a1f8d5ebdf0001ff2420d "HTTP/1.1 200 OK"
2026-04-03T23:00:30 | INFO     | httpx | HTTP Request: GET https://api.tupinambaenergia.com.br/station/688a23ac5ebdf0001ff3055a "HTTP/1.1 200 OK"
2026-04-03T23:00:31 | INFO     | httpx | HTTP Request: GET https://api.tupinambaenergia.com.br/station/688a340f29db96001f70f190 "HTTP/1.1 200 OK"
2026-04-03T23:00:32 | INFO     | httpx | HTTP Request: GET https://api.tupinambaenergia.com.br/station/688a64ba2d7fc9001fd78c2a "HTTP/1.1 200 OK"
2026-04-03T23:00:32 | INFO     | httpx | HTTP Request: GET https://api.tupinambaenergia.com.br/station/688b64b87632be001f8c442d "HTTP/1.1 200 OK"
2026-04-03T23:00:33 | INFO     | httpx | HTTP Request: GET https://api.tupinambaenergia.com.br/station/688bdc72aa0969001fa72663 "HTTP/1.1 200 OK"
2026-04-03T23:00:33 | INFO     | httpx | HTTP Request: GET https://api.tupinambaenergia.com.br/station/688c25d2ef738d001ff77044 "HTTP/1.1 200 OK"
2026-04-03T23:00:34 | INFO     | httpx | HTTP Request: GET https://api.tupinambaenergia.com.br/station/688cc92fb8401e001ffe2f91 "HTTP/1.1 200 OK"
2026-04-03T23:00:35 | INFO     | httpx | HTTP Request: GET https://api.tupinambaenergia.com.br/station/688ccc4c9a8bc2001ff65397 "HTTP/1.1 200 OK"
2026-04-03T23:00:36 | INFO     | httpx | HTTP Request: GET https://api.tupinambaenergia.com.br/station/688cf63c2933cc001f50c574 "HTTP/1.1 200 OK"
2026-04-03T23:00:36 | INFO     | httpx | HTTP Request: GET https://api.tupinambaenergia.com.br/station/688d04dd2933cc001f53dba9 "HTTP/1.1 200 OK"
2026-04-03T23:00:37 | INFO     | httpx | HTTP Request: GET https://api.tupinambaenergia.com.br/station/688d10a307b3b4001f9aba90 "HTTP/1.1 200 OK"
2026-04-03T23:00:37 | INFO     | httpx | HTTP Request: GET https://api.tupinambaenergia.com.br/station/688d1a339e8cab001f0b06a8 "HTTP/1.1 200 OK"
2026-04-03T23:00:38 | INFO     | httpx | HTTP Request: GET https://api.tupinambaenergia.com.br/station/688d26e10047c90020d22813 "HTTP/1.1 200 OK"
2026-04-03T23:00:39 | INFO     | httpx | HTTP Request: GET https://api.tupinambaenergia.com.br/station/688d2f460047c90020d41297 "HTTP/1.1 200 OK"
2026-04-03T23:00:39 | INFO     | httpx | HTTP Request: GET https://api.tupinambaenergia.com.br/station/6890bcc16899c6001f414dc8 "HTTP/1.1 200 OK"
2026-04-03T23:00:40 | INFO     | httpx | HTTP Request: GET https://api.tupinambaenergia.com.br/station/6892084e7bb8a6001f0ba1e3 "HTTP/1.1 200 OK"
2026-04-03T23:00:40 | INFO     | httpx | HTTP Request: GET https://api.tupinambaenergia.com.br/station/6893621e73a308001ffa490a "HTTP/1.1 200 OK"
2026-04-03T23:00:41 | INFO     | httpx | HTTP Request: GET https://api.tupinambaenergia.com.br/station/68936400020c53001fa32ef6 "HTTP/1.1 200 OK"
2026-04-03T23:00:42 | INFO     | httpx | HTTP Request: GET https://api.tupinambaenergia.com.br/station/6894997c4068fa001f40e7cf "HTTP/1.1 200 OK"
2026-04-03T23:00:42 | INFO     | httpx | HTTP Request: GET https://api.tupinambaenergia.com.br/station/6894ae2f851ce5001fb2b16c "HTTP/1.1 200 OK"
2026-04-03T23:00:43 | INFO     | httpx | HTTP Request: GET https://api.tupinambaenergia.com.br/station/6894b4da4068fa001f44c9cc "HTTP/1.1 200 OK"
2026-04-03T23:00:43 | INFO     | httpx | HTTP Request: GET https://api.tupinambaenergia.com.br/station/6894ec784068fa001f4c4f66 "HTTP/1.1 200 OK"
2026-04-03T23:00:44 | INFO     | httpx | HTTP Request: GET https://api.tupinambaenergia.com.br/station/6894fef94068fa001f4f7fde "HTTP/1.1 200 OK"
2026-04-03T23:00:45 | INFO     | httpx | HTTP Request: GET https://api.tupinambaenergia.com.br/station/689551f04390d2001f53899e "HTTP/1.1 200 OK"
2026-04-03T23:00:46 | INFO     | httpx | HTTP Request: GET https://api.tupinambaenergia.com.br/station/68955247b73ff1001fd1fc89 "HTTP/1.1 200 OK"
2026-04-03T23:00:46 | INFO     | httpx | HTTP Request: GET https://api.tupinambaenergia.com.br/station/6895e59807afbc001f4f724b "HTTP/1.1 200 OK"
2026-04-03T23:00:47 | INFO     | httpx | HTTP Request: GET https://api.tupinambaenergia.com.br/station/6895f3db1bbff3001f8090cf "HTTP/1.1 200 OK"
2026-04-03T23:00:47 | INFO     | httpx | HTTP Request: GET https://api.tupinambaenergia.com.br/station/689610c1757db3001fba3e50 "HTTP/1.1 200 OK"
2026-04-03T23:00:48 | INFO     | httpx | HTTP Request: GET https://api.tupinambaenergia.com.br/station/689611d247dbcf001f73e8fa "HTTP/1.1 200 OK"
2026-04-03T23:00:49 | INFO     | httpx | HTTP Request: GET https://api.tupinambaenergia.com.br/station/68962ed947dbcf001f785cde "HTTP/1.1 200 OK"
2026-04-03T23:00:50 | INFO     | httpx | HTTP Request: GET https://api.tupinambaenergia.com.br/station/689631d1778dcf001f7daa5c "HTTP/1.1 200 OK"
2026-04-03T23:00:50 | INFO     | httpx | HTTP Request: GET https://api.tupinambaenergia.com.br/station/6896537ea02b4a001f67967e "HTTP/1.1 200 OK"
2026-04-03T23:00:51 | INFO     | httpx | HTTP Request: GET https://api.tupinambaenergia.com.br/station/6896545c70d87c001f9a13fa "HTTP/1.1 200 OK"
2026-04-03T23:00:51 | INFO     | httpx | HTTP Request: GET https://api.tupinambaenergia.com.br/station/6899ec793b572c001f5bcbb7 "HTTP/1.1 200 OK"
2026-04-03T23:00:52 | INFO     | httpx | HTTP Request: GET https://api.tupinambaenergia.com.br/station/6899fa28b03d92001fa6a5d9 "HTTP/1.1 200 OK"
2026-04-03T23:00:53 | INFO     | httpx | HTTP Request: GET https://api.tupinambaenergia.com.br/station/689a16e9b03d92001faa6bcc "HTTP/1.1 200 OK"
2026-04-03T23:00:53 | INFO     | httpx | HTTP Request: GET https://api.tupinambaenergia.com.br/station/689a28204c4124001fe3c668 "HTTP/1.1 200 OK"
2026-04-03T23:00:54 | INFO     | httpx | HTTP Request: GET https://api.tupinambaenergia.com.br/station/689aa49c2dd390001f811dbb "HTTP/1.1 200 OK"
2026-04-03T23:00:54 | INFO     | httpx | HTTP Request: GET https://api.tupinambaenergia.com.br/station/689aae3e2dd390001f822d06 "HTTP/1.1 200 OK"
2026-04-03T23:00:55 | INFO     | httpx | HTTP Request: GET https://api.tupinambaenergia.com.br/station/689aba54fe6afe001f05c2bf "HTTP/1.1 200 OK"
2026-04-03T23:00:56 | INFO     | httpx | HTTP Request: GET https://api.tupinambaenergia.com.br/station/689b3beddd30f8001ffef254 "HTTP/1.1 200 OK"
2026-04-03T23:00:56 | INFO     | httpx | HTTP Request: GET https://api.tupinambaenergia.com.br/station/689ccbf0655f37001f4e4476 "HTTP/1.1 200 OK"
2026-04-03T23:00:57 | INFO     | httpx | HTTP Request: GET https://api.tupinambaenergia.com.br/station/689cd4b5af4aa2001ff6711f "HTTP/1.1 200 OK"
2026-04-03T23:00:57 | INFO     | httpx | HTTP Request: GET https://api.tupinambaenergia.com.br/station/689cd5e1934d32001fb4614b "HTTP/1.1 200 OK"
2026-04-03T23:00:58 | INFO     | httpx | HTTP Request: GET https://api.tupinambaenergia.com.br/station/689cff0caf4aa2001ffb7c9f "HTTP/1.1 200 OK"
2026-04-03T23:00:59 | INFO     | httpx | HTTP Request: GET https://api.tupinambaenergia.com.br/station/689e299d0c9660001fa3ecfb "HTTP/1.1 200 OK"
2026-04-03T23:00:59 | INFO     | httpx | HTTP Request: GET https://api.tupinambaenergia.com.br/station/689e3140b4602e001fa846cb "HTTP/1.1 200 OK"
2026-04-03T23:01:00 | INFO     | httpx | HTTP Request: GET https://api.tupinambaenergia.com.br/station/689e31b50bf7c8001f7892a5 "HTTP/1.1 200 OK"
2026-04-03T23:01:01 | INFO     | httpx | HTTP Request: GET https://api.tupinambaenergia.com.br/station/689e610aeba611001ff49f03 "HTTP/1.1 200 OK"
2026-04-03T23:01:01 | INFO     | httpx | HTTP Request: GET https://api.tupinambaenergia.com.br/station/689e614da30e71001fdc1774 "HTTP/1.1 200 OK"
2026-04-03T23:01:02 | INFO     | httpx | HTTP Request: GET https://api.tupinambaenergia.com.br/station/689e6167eba611001ff4a909 "HTTP/1.1 200 OK"
2026-04-03T23:01:02 | INFO     | ingest.tupi | Tupi enrich: processed 1000 / 2090
2026-04-03T23:01:03 | INFO     | httpx | HTTP Request: GET https://api.tupinambaenergia.com.br/station/689f2748039346001f71e826 "HTTP/1.1 200 OK"
2026-04-03T23:01:04 | INFO     | httpx | HTTP Request: GET https://api.tupinambaenergia.com.br/station/689f288258d60f001f3cb1b7 "HTTP/1.1 200 OK"
2026-04-03T23:01:04 | INFO     | httpx | HTTP Request: GET https://api.tupinambaenergia.com.br/station/689f3ed8039346001f75bdb9 "HTTP/1.1 200 OK"
2026-04-03T23:01:05 | INFO     | httpx | HTTP Request: GET https://api.tupinambaenergia.com.br/station/689f75fd94e3dd001fa24096 "HTTP/1.1 200 OK"
2026-04-03T23:01:05 | INFO     | httpx | HTTP Request: GET https://api.tupinambaenergia.com.br/station/689fa42b58d60f001f52e9cc "HTTP/1.1 200 OK"
2026-04-03T23:01:06 | INFO     | httpx | HTTP Request: GET https://api.tupinambaenergia.com.br/station/68a0990458d60f001f7086b2 "HTTP/1.1 200 OK"
2026-04-03T23:01:07 | INFO     | httpx | HTTP Request: GET https://api.tupinambaenergia.com.br/station/68a0a52494e3dd001fd3079d "HTTP/1.1 200 OK"
2026-04-03T23:01:07 | INFO     | httpx | HTTP Request: GET https://api.tupinambaenergia.com.br/station/68a0ba2a94e3dd001fd5e994 "HTTP/1.1 200 OK"
2026-04-03T23:01:08 | INFO     | httpx | HTTP Request: GET https://api.tupinambaenergia.com.br/station/68a389bfeaa7c0001f386503 "HTTP/1.1 200 OK"
2026-04-03T23:01:09 | INFO     | httpx | HTTP Request: GET https://api.tupinambaenergia.com.br/station/68a3bc30eaa7c0001f3eb717 "HTTP/1.1 200 OK"
2026-04-03T23:01:09 | INFO     | httpx | HTTP Request: GET https://api.tupinambaenergia.com.br/station/68a48cc26d7ca9001f3c18db "HTTP/1.1 200 OK"
2026-04-03T23:01:10 | INFO     | httpx | HTTP Request: GET https://api.tupinambaenergia.com.br/station/68a48d48cf953d001f06be06 "HTTP/1.1 200 OK"
2026-04-03T23:01:11 | INFO     | httpx | HTTP Request: GET https://api.tupinambaenergia.com.br/station/68a48d996d7ca9001f3c35fb "HTTP/1.1 200 OK"
2026-04-03T23:01:11 | INFO     | httpx | HTTP Request: GET https://api.tupinambaenergia.com.br/station/68a4bf19eaa7c0001f5a804a "HTTP/1.1 200 OK"
2026-04-03T23:01:12 | INFO     | httpx | HTTP Request: GET https://api.tupinambaenergia.com.br/station/68a4bf936d7ca9001f443117 "HTTP/1.1 200 OK"
2026-04-03T23:01:12 | INFO     | httpx | HTTP Request: GET https://api.tupinambaenergia.com.br/station/68a5b9ac8cb12b001fbc85cd "HTTP/1.1 200 OK"
2026-04-03T23:01:13 | INFO     | httpx | HTTP Request: GET https://api.tupinambaenergia.com.br/station/68a5bbcf41dee8001fe2cd88 "HTTP/1.1 200 OK"
2026-04-03T23:01:14 | INFO     | httpx | HTTP Request: GET https://api.tupinambaenergia.com.br/station/68a5d99d0593f5001e73d1ed "HTTP/1.1 200 OK"
2026-04-03T23:01:14 | INFO     | httpx | HTTP Request: GET https://api.tupinambaenergia.com.br/station/68a5d9bbd4ec12001fa76001 "HTTP/1.1 200 OK"
2026-04-03T23:01:15 | INFO     | httpx | HTTP Request: GET https://api.tupinambaenergia.com.br/station/68a5e53ed4ec12001fa9a27c "HTTP/1.1 200 OK"
2026-04-03T23:01:15 | INFO     | httpx | HTTP Request: GET https://api.tupinambaenergia.com.br/station/68a6142e41dee8001ff169dd "HTTP/1.1 200 OK"
2026-04-03T23:01:16 | INFO     | httpx | HTTP Request: GET https://api.tupinambaenergia.com.br/station/68a6487241dee8001ff8eb64 "HTTP/1.1 200 OK"
2026-04-03T23:01:17 | INFO     | httpx | HTTP Request: GET https://api.tupinambaenergia.com.br/station/68a64c8c41dee8001ff96e07 "HTTP/1.1 200 OK"
2026-04-03T23:01:17 | INFO     | httpx | HTTP Request: GET https://api.tupinambaenergia.com.br/station/68a717662e66e9001f93f10b "HTTP/1.1 200 OK"
2026-04-03T23:01:18 | INFO     | httpx | HTTP Request: GET https://api.tupinambaenergia.com.br/station/68a74b9b54ba04001f7ad8fa "HTTP/1.1 200 OK"
2026-04-03T23:01:19 | INFO     | httpx | HTTP Request: GET https://api.tupinambaenergia.com.br/station/68a74cf854ba04001f7b4974 "HTTP/1.1 200 OK"
2026-04-03T23:01:19 | INFO     | httpx | HTTP Request: GET https://api.tupinambaenergia.com.br/station/68a7613554ba04001f7f59f4 "HTTP/1.1 200 OK"
2026-04-03T23:01:20 | INFO     | httpx | HTTP Request: GET https://api.tupinambaenergia.com.br/station/68a761a02e66e9001fa24e31 "HTTP/1.1 200 OK"
2026-04-03T23:01:20 | INFO     | httpx | HTTP Request: GET https://api.tupinambaenergia.com.br/station/68a87d54146860001fe81f69 "HTTP/1.1 200 OK"
2026-04-03T23:01:21 | INFO     | httpx | HTTP Request: GET https://api.tupinambaenergia.com.br/station/68a8b67b9bc5cd001f7dfc79 "HTTP/1.1 200 OK"
2026-04-03T23:01:22 | INFO     | httpx | HTTP Request: GET https://api.tupinambaenergia.com.br/station/68aaec6c53a1aa001f906ac1 "HTTP/1.1 200 OK"
2026-04-03T23:01:22 | INFO     | httpx | HTTP Request: GET https://api.tupinambaenergia.com.br/station/68aaed48e400e9001fd672c6 "HTTP/1.1 200 OK"
2026-04-03T23:01:23 | INFO     | httpx | HTTP Request: GET https://api.tupinambaenergia.com.br/station/68ab2e6a2ae0e9001f368461 "HTTP/1.1 200 OK"
2026-04-03T23:01:24 | INFO     | httpx | HTTP Request: GET https://api.tupinambaenergia.com.br/station/68ab3b4c7807fe001f486b6a "HTTP/1.1 200 OK"
2026-04-03T23:01:24 | INFO     | httpx | HTTP Request: GET https://api.tupinambaenergia.com.br/station/68ac9a2ce93b2c001f58641d "HTTP/1.1 200 OK"
2026-04-03T23:01:25 | INFO     | httpx | HTTP Request: GET https://api.tupinambaenergia.com.br/station/68ac9adbe93b2c001f5880eb "HTTP/1.1 200 OK"
2026-04-03T23:01:26 | INFO     | httpx | HTTP Request: GET https://api.tupinambaenergia.com.br/station/68ac9b2c2ae0e9001f63dac5 "HTTP/1.1 200 OK"
2026-04-03T23:01:26 | INFO     | httpx | HTTP Request: GET https://api.tupinambaenergia.com.br/station/68adb9734387f6001f4ee8f2 "HTTP/1.1 200 OK"
2026-04-03T23:01:27 | INFO     | httpx | HTTP Request: GET https://api.tupinambaenergia.com.br/station/68adba6f1ee723001eae5a05 "HTTP/1.1 200 OK"
2026-04-03T23:01:28 | INFO     | httpx | HTTP Request: GET https://api.tupinambaenergia.com.br/station/68af038c1ee723001edca1b4 "HTTP/1.1 200 OK"
2026-04-03T23:01:28 | INFO     | httpx | HTTP Request: GET https://api.tupinambaenergia.com.br/station/68af045b880f23001f6c94ac "HTTP/1.1 200 OK"
2026-04-03T23:01:29 | INFO     | httpx | HTTP Request: GET https://api.tupinambaenergia.com.br/station/68af0952381d8a001f1832e8 "HTTP/1.1 200 OK"
2026-04-03T23:01:30 | INFO     | httpx | HTTP Request: GET https://api.tupinambaenergia.com.br/station/68af0a40880f23001f6da769 "HTTP/1.1 200 OK"
2026-04-03T23:01:30 | INFO     | httpx | HTTP Request: GET https://api.tupinambaenergia.com.br/station/68af0b5d880f23001f6dc839 "HTTP/1.1 200 OK"
2026-04-03T23:01:31 | INFO     | httpx | HTTP Request: GET https://api.tupinambaenergia.com.br/station/68af0b96880f23001f6dd257 "HTTP/1.1 200 OK"
2026-04-03T23:01:32 | INFO     | httpx | HTTP Request: GET https://api.tupinambaenergia.com.br/station/68af1cfb1ee723001ee13c3d "HTTP/1.1 200 OK"
2026-04-03T23:01:32 | INFO     | httpx | HTTP Request: GET https://api.tupinambaenergia.com.br/station/68af500b880f23001f78ebe7 "HTTP/1.1 200 OK"
2026-04-03T23:01:33 | INFO     | httpx | HTTP Request: GET https://api.tupinambaenergia.com.br/station/68b046311ee723001e0f289c "HTTP/1.1 200 OK"
2026-04-03T23:01:34 | INFO     | httpx | HTTP Request: GET https://api.tupinambaenergia.com.br/station/68b0469d1ee723001e0f3fff "HTTP/1.1 200 OK"
2026-04-03T23:01:34 | INFO     | httpx | HTTP Request: GET https://api.tupinambaenergia.com.br/station/68b046f31ee723001e0f5768 "HTTP/1.1 200 OK"
2026-04-03T23:01:35 | INFO     | httpx | HTTP Request: GET https://api.tupinambaenergia.com.br/station/68b0471c1ee723001e0f6794 "HTTP/1.1 200 OK"
2026-04-03T23:01:36 | INFO     | httpx | HTTP Request: GET https://api.tupinambaenergia.com.br/station/68b0473a1ee723001e0f6f13 "HTTP/1.1 200 OK"
2026-04-03T23:01:36 | INFO     | httpx | HTTP Request: GET https://api.tupinambaenergia.com.br/station/68b0476075958f001f05f32f "HTTP/1.1 200 OK"
2026-04-03T23:01:38 | INFO     | httpx | HTTP Request: GET https://api.tupinambaenergia.com.br/station/68b0477b75958f001f05f651 "HTTP/1.1 200 OK"
2026-04-03T23:01:38 | INFO     | httpx | HTTP Request: GET https://api.tupinambaenergia.com.br/station/68b047a21ee723001e0f8733 "HTTP/1.1 200 OK"
2026-04-03T23:01:39 | INFO     | httpx | HTTP Request: GET https://api.tupinambaenergia.com.br/station/68b047e01ee723001e0f91df "HTTP/1.1 200 OK"
2026-04-03T23:01:40 | INFO     | httpx | HTTP Request: GET https://api.tupinambaenergia.com.br/station/68b051a9625b32001f652ee0 "HTTP/1.1 200 OK"
2026-04-03T23:01:40 | INFO     | httpx | HTTP Request: GET https://api.tupinambaenergia.com.br/station/68b086d8ab4dec001fae03c1 "HTTP/1.1 200 OK"
2026-04-03T23:01:41 | INFO     | httpx | HTTP Request: GET https://api.tupinambaenergia.com.br/station/68b08df9625b32001f6f3393 "HTTP/1.1 200 OK"
2026-04-03T23:01:41 | INFO     | httpx | HTTP Request: GET https://api.tupinambaenergia.com.br/station/68b093ecb6464d001fceb4e4 "HTTP/1.1 200 OK"
2026-04-03T23:01:42 | INFO     | httpx | HTTP Request: GET https://api.tupinambaenergia.com.br/station/68b1d649d06289001f4d9b85 "HTTP/1.1 200 OK"
2026-04-03T23:01:43 | INFO     | httpx | HTTP Request: GET https://api.tupinambaenergia.com.br/station/68b24e55c91608001f1cde2a "HTTP/1.1 200 OK"
2026-04-03T23:01:43 | INFO     | httpx | HTTP Request: GET https://api.tupinambaenergia.com.br/station/68b2505f9cac8c001f923b02 "HTTP/1.1 200 OK"
2026-04-03T23:01:44 | INFO     | httpx | HTTP Request: GET https://api.tupinambaenergia.com.br/station/68b30774698e31001fb731e7 "HTTP/1.1 200 OK"
2026-04-03T23:01:44 | INFO     | httpx | HTTP Request: GET https://api.tupinambaenergia.com.br/station/68b5a7ee729beb001fd3634c "HTTP/1.1 200 OK"
2026-04-03T23:01:45 | INFO     | httpx | HTTP Request: GET https://api.tupinambaenergia.com.br/station/68b5b52aff609f001ffb89c0 "HTTP/1.1 200 OK"
2026-04-03T23:01:46 | INFO     | httpx | HTTP Request: GET https://api.tupinambaenergia.com.br/station/68b5b6c9729beb001fd64c2b "HTTP/1.1 200 OK"
2026-04-03T23:01:46 | INFO     | httpx | HTTP Request: GET https://api.tupinambaenergia.com.br/station/68b5ef4d729beb001fe21d19 "HTTP/1.1 200 OK"
2026-04-03T23:01:47 | INFO     | httpx | HTTP Request: GET https://api.tupinambaenergia.com.br/station/68b5f498da3b47001fb37aea "HTTP/1.1 200 OK"
2026-04-03T23:01:48 | INFO     | httpx | HTTP Request: GET https://api.tupinambaenergia.com.br/station/68b601f0ff609f001f0948e4 "HTTP/1.1 200 OK"
2026-04-03T23:01:48 | INFO     | httpx | HTTP Request: GET https://api.tupinambaenergia.com.br/station/68b608d2da3b47001fb7d71c "HTTP/1.1 200 OK"
2026-04-03T23:01:49 | INFO     | httpx | HTTP Request: GET https://api.tupinambaenergia.com.br/station/68b6e601da3b47001fd74e97 "HTTP/1.1 200 OK"
2026-04-03T23:01:49 | INFO     | httpx | HTTP Request: GET https://api.tupinambaenergia.com.br/station/68b74211da3b47001febc12b "HTTP/1.1 200 OK"
2026-04-03T23:01:50 | INFO     | httpx | HTTP Request: GET https://api.tupinambaenergia.com.br/station/68b74457ff609f001f387624 "HTTP/1.1 200 OK"
2026-04-03T23:01:51 | INFO     | httpx | HTTP Request: GET https://api.tupinambaenergia.com.br/station/68b83ea1b6e110001ffa735e "HTTP/1.1 200 OK"
2026-04-03T23:01:51 | INFO     | httpx | HTTP Request: GET https://api.tupinambaenergia.com.br/station/68b8400862d412001f957046 "HTTP/1.1 200 OK"
2026-04-03T23:01:52 | INFO     | httpx | HTTP Request: GET https://api.tupinambaenergia.com.br/station/68b843d37355f3001f77fd27 "HTTP/1.1 200 OK"
2026-04-03T23:01:52 | INFO     | httpx | HTTP Request: GET https://api.tupinambaenergia.com.br/station/68b8698bd39d9d001f536655 "HTTP/1.1 200 OK"
2026-04-03T23:01:53 | INFO     | httpx | HTTP Request: GET https://api.tupinambaenergia.com.br/station/68b86a84fd301f001f0b22c4 "HTTP/1.1 200 OK"
2026-04-03T23:01:54 | INFO     | httpx | HTTP Request: GET https://api.tupinambaenergia.com.br/station/68b86b9b54a19d001f1c5f21 "HTTP/1.1 200 OK"
2026-04-03T23:01:54 | INFO     | httpx | HTTP Request: GET https://api.tupinambaenergia.com.br/station/68b86c11fd301f001f0b6c73 "HTTP/1.1 200 OK"
2026-04-03T23:01:55 | INFO     | httpx | HTTP Request: GET https://api.tupinambaenergia.com.br/station/68b86d1954a19d001f1ca684 "HTTP/1.1 200 OK"
2026-04-03T23:01:55 | INFO     | httpx | HTTP Request: GET https://api.tupinambaenergia.com.br/station/68b86e0c54a19d001f1ced7f "HTTP/1.1 200 OK"
2026-04-03T23:01:56 | INFO     | httpx | HTTP Request: GET https://api.tupinambaenergia.com.br/station/68b870df54a19d001f1d844e "HTTP/1.1 200 OK"
2026-04-03T23:01:57 | INFO     | httpx | HTTP Request: GET https://api.tupinambaenergia.com.br/station/68b97e47fd301f001f3401a9 "HTTP/1.1 200 OK"
2026-04-03T23:01:57 | INFO     | httpx | HTTP Request: GET https://api.tupinambaenergia.com.br/station/68b97e8262d412001fc67faf "HTTP/1.1 200 OK"
2026-04-03T23:01:58 | INFO     | httpx | HTTP Request: GET https://api.tupinambaenergia.com.br/station/68b97ed609a298001f87bda0 "HTTP/1.1 200 OK"
2026-04-03T23:01:58 | INFO     | httpx | HTTP Request: GET https://api.tupinambaenergia.com.br/station/68b9c474fd301f001f42cad6 "HTTP/1.1 200 OK"
2026-04-03T23:01:59 | INFO     | httpx | HTTP Request: GET https://api.tupinambaenergia.com.br/station/68b9eb96fd301f001f49c33f "HTTP/1.1 200 OK"
2026-04-03T23:02:00 | INFO     | httpx | HTTP Request: GET https://api.tupinambaenergia.com.br/station/68bacbec9f8dfd001f6abd48 "HTTP/1.1 200 OK"
2026-04-03T23:02:00 | INFO     | httpx | HTTP Request: GET https://api.tupinambaenergia.com.br/station/68bc26ac96b102001fd8ba2a "HTTP/1.1 200 OK"
2026-04-03T23:02:01 | INFO     | httpx | HTTP Request: GET https://api.tupinambaenergia.com.br/station/68beff60ef38cf00209c09da "HTTP/1.1 200 OK"
2026-04-03T23:02:01 | INFO     | httpx | HTTP Request: GET https://api.tupinambaenergia.com.br/station/68bf2edaf46297001f866022 "HTTP/1.1 200 OK"
2026-04-03T23:02:02 | INFO     | httpx | HTTP Request: GET https://api.tupinambaenergia.com.br/station/68c02493259f95001f349219 "HTTP/1.1 200 OK"
2026-04-03T23:02:03 | INFO     | httpx | HTTP Request: GET https://api.tupinambaenergia.com.br/station/68c088b52698d1001f342ee5 "HTTP/1.1 200 OK"
2026-04-03T23:02:03 | INFO     | httpx | HTTP Request: GET https://api.tupinambaenergia.com.br/station/68c08e702698d1001f358ca8 "HTTP/1.1 200 OK"
2026-04-03T23:02:04 | INFO     | httpx | HTTP Request: GET https://api.tupinambaenergia.com.br/station/68c1ad87f45675001f142939 "HTTP/1.1 200 OK"
2026-04-03T23:02:05 | INFO     | httpx | HTTP Request: GET https://api.tupinambaenergia.com.br/station/68c1b971f45675001f169542 "HTTP/1.1 200 OK"
2026-04-03T23:02:05 | INFO     | httpx | HTTP Request: GET https://api.tupinambaenergia.com.br/station/68c1ba3b85cd93001f3532a4 "HTTP/1.1 200 OK"
2026-04-03T23:02:06 | INFO     | httpx | HTTP Request: GET https://api.tupinambaenergia.com.br/station/68c1bb0085cd93001f3555be "HTTP/1.1 200 OK"
2026-04-03T23:02:06 | INFO     | ingest.tupi | Tupi enrich: processed 1100 / 2090
2026-04-03T23:02:06 | INFO     | httpx | HTTP Request: GET https://api.tupinambaenergia.com.br/station/68c1bc81434b39001f92d76c "HTTP/1.1 200 OK"
2026-04-03T23:02:07 | INFO     | httpx | HTTP Request: GET https://api.tupinambaenergia.com.br/station/68c1c48ff45675001f19ac9f "HTTP/1.1 200 OK"
2026-04-03T23:02:08 | INFO     | httpx | HTTP Request: GET https://api.tupinambaenergia.com.br/station/68c1c64bf45675001f1a2be4 "HTTP/1.1 200 OK"
2026-04-03T23:02:08 | INFO     | httpx | HTTP Request: GET https://api.tupinambaenergia.com.br/station/68c1e122f45675001f1f8b95 "HTTP/1.1 200 OK"
2026-04-03T23:02:09 | INFO     | httpx | HTTP Request: GET https://api.tupinambaenergia.com.br/station/68c2f6f07df9d4001f68a78a "HTTP/1.1 200 OK"
2026-04-03T23:02:10 | INFO     | httpx | HTTP Request: GET https://api.tupinambaenergia.com.br/station/68c2f7d858f660001f90e4a0 "HTTP/1.1 200 OK"
2026-04-03T23:02:10 | INFO     | httpx | HTTP Request: GET https://api.tupinambaenergia.com.br/station/68c2ff547df9d4001f6a8f0f "HTTP/1.1 200 OK"
2026-04-03T23:02:11 | INFO     | httpx | HTTP Request: GET https://api.tupinambaenergia.com.br/station/68c2ff817df9d4001f6a92ee "HTTP/1.1 200 OK"
2026-04-03T23:02:11 | INFO     | httpx | HTTP Request: GET https://api.tupinambaenergia.com.br/station/68c2ffef58f660001f923a00 "HTTP/1.1 200 OK"
2026-04-03T23:02:12 | INFO     | httpx | HTTP Request: GET https://api.tupinambaenergia.com.br/station/68c3038d0f4270001f9f865a "HTTP/1.1 200 OK"
2026-04-03T23:02:13 | INFO     | httpx | HTTP Request: GET https://api.tupinambaenergia.com.br/station/68c303ee7df9d4001f6b9506 "HTTP/1.1 200 OK"
2026-04-03T23:02:14 | INFO     | httpx | HTTP Request: GET https://api.tupinambaenergia.com.br/station/68c4791b299174001f1d29ce "HTTP/1.1 200 OK"
2026-04-03T23:02:14 | INFO     | httpx | HTTP Request: GET https://api.tupinambaenergia.com.br/station/68c488c9299174001f1f9d2b "HTTP/1.1 200 OK"
2026-04-03T23:02:15 | INFO     | httpx | HTTP Request: GET https://api.tupinambaenergia.com.br/station/68c8725a009f0a001f2d5c6f "HTTP/1.1 200 OK"
2026-04-03T23:02:16 | INFO     | httpx | HTTP Request: GET https://api.tupinambaenergia.com.br/station/68c958a41809e0001f1427be "HTTP/1.1 200 OK"
2026-04-03T23:02:16 | INFO     | httpx | HTTP Request: GET https://api.tupinambaenergia.com.br/station/68c9ba902a650e001f06e8ae "HTTP/1.1 200 OK"
2026-04-03T23:02:17 | INFO     | httpx | HTTP Request: GET https://api.tupinambaenergia.com.br/station/68c9c92795774f001fc6f68e "HTTP/1.1 200 OK"
2026-04-03T23:02:17 | INFO     | httpx | HTTP Request: GET https://api.tupinambaenergia.com.br/station/68cab472af747c001fda215d "HTTP/1.1 200 OK"
2026-04-03T23:02:18 | INFO     | httpx | HTTP Request: GET https://api.tupinambaenergia.com.br/station/68cac5425540ed001fc9044b "HTTP/1.1 200 OK"
2026-04-03T23:02:19 | INFO     | httpx | HTTP Request: GET https://api.tupinambaenergia.com.br/station/68cac7985540ed001fc9720e "HTTP/1.1 200 OK"
2026-04-03T23:02:19 | INFO     | httpx | HTTP Request: GET https://api.tupinambaenergia.com.br/station/68cacd74af747c001fdfca16 "HTTP/1.1 200 OK"
2026-04-03T23:02:20 | INFO     | httpx | HTTP Request: GET https://api.tupinambaenergia.com.br/station/68cace0aaf747c001fdfe143 "HTTP/1.1 200 OK"
2026-04-03T23:02:20 | INFO     | httpx | HTTP Request: GET https://api.tupinambaenergia.com.br/station/68cad18993b395001fe1268a "HTTP/1.1 200 OK"
2026-04-03T23:02:21 | INFO     | httpx | HTTP Request: GET https://api.tupinambaenergia.com.br/station/68cad36665139f001fb904ab "HTTP/1.1 200 OK"
2026-04-03T23:02:22 | INFO     | httpx | HTTP Request: GET https://api.tupinambaenergia.com.br/station/68cbf854d9e1c6001f237635 "HTTP/1.1 200 OK"
2026-04-03T23:02:22 | INFO     | httpx | HTTP Request: GET https://api.tupinambaenergia.com.br/station/68cc31c4e4719c001f31b9b8 "HTTP/1.1 200 OK"
2026-04-03T23:02:23 | INFO     | httpx | HTTP Request: GET https://api.tupinambaenergia.com.br/station/68cc33c4e4719c001f32317c "HTTP/1.1 200 OK"
2026-04-03T23:02:23 | INFO     | httpx | HTTP Request: GET https://api.tupinambaenergia.com.br/station/68cc374fd9e1c6001f2d74f2 "HTTP/1.1 200 OK"
2026-04-03T23:02:24 | INFO     | httpx | HTTP Request: GET https://api.tupinambaenergia.com.br/station/68cd6b565636fa001f203aee "HTTP/1.1 200 OK"
2026-04-03T23:02:25 | INFO     | httpx | HTTP Request: GET https://api.tupinambaenergia.com.br/station/68cd6c39177358001fbb11f0 "HTTP/1.1 200 OK"
2026-04-03T23:02:25 | INFO     | httpx | HTTP Request: GET https://api.tupinambaenergia.com.br/station/68cd82ce5636fa001f248643 "HTTP/1.1 200 OK"
2026-04-03T23:02:26 | INFO     | httpx | HTTP Request: GET https://api.tupinambaenergia.com.br/station/68d13a9af62a19001fd5c112 "HTTP/1.1 200 OK"
2026-04-03T23:02:27 | INFO     | httpx | HTTP Request: GET https://api.tupinambaenergia.com.br/station/68d13af7418bfd001f71c72e "HTTP/1.1 200 OK"
2026-04-03T23:02:27 | INFO     | httpx | HTTP Request: GET https://api.tupinambaenergia.com.br/station/68d1a775f62a19001fef6bab "HTTP/1.1 200 OK"
2026-04-03T23:02:28 | INFO     | httpx | HTTP Request: GET https://api.tupinambaenergia.com.br/station/68d1bc8f860301001f6636c6 "HTTP/1.1 200 OK"
2026-04-03T23:02:29 | INFO     | httpx | HTTP Request: GET https://api.tupinambaenergia.com.br/station/68d2a2c9a9a218001f5fab4c "HTTP/1.1 200 OK"
2026-04-03T23:02:29 | INFO     | httpx | HTTP Request: GET https://api.tupinambaenergia.com.br/station/68d301363a45c5001f40dd6f "HTTP/1.1 200 OK"
2026-04-03T23:02:30 | INFO     | httpx | HTTP Request: GET https://api.tupinambaenergia.com.br/station/68d302b83a45c5001f414501 "HTTP/1.1 200 OK"
2026-04-03T23:02:30 | INFO     | httpx | HTTP Request: GET https://api.tupinambaenergia.com.br/station/68d42df52ba130001f3b3e57 "HTTP/1.1 200 OK"
2026-04-03T23:02:31 | INFO     | httpx | HTTP Request: GET https://api.tupinambaenergia.com.br/station/68d539d6a22b64001f20925a "HTTP/1.1 200 OK"
2026-04-03T23:02:32 | INFO     | httpx | HTTP Request: GET https://api.tupinambaenergia.com.br/station/68d551e767247a001fae022a "HTTP/1.1 200 OK"
2026-04-03T23:02:32 | INFO     | httpx | HTTP Request: GET https://api.tupinambaenergia.com.br/station/68d5614767247a001fb14a74 "HTTP/1.1 200 OK"
2026-04-03T23:02:33 | INFO     | httpx | HTTP Request: GET https://api.tupinambaenergia.com.br/station/68d68f8330dad2001f53b46e "HTTP/1.1 200 OK"
2026-04-03T23:02:34 | INFO     | httpx | HTTP Request: GET https://api.tupinambaenergia.com.br/station/68d68fb7b4f578001fbed6c0 "HTTP/1.1 200 OK"
2026-04-03T23:02:34 | INFO     | httpx | HTTP Request: GET https://api.tupinambaenergia.com.br/station/68d68fe930dad2001f53c6b0 "HTTP/1.1 200 OK"
2026-04-03T23:02:35 | INFO     | httpx | HTTP Request: GET https://api.tupinambaenergia.com.br/station/68d69433493a0b001f82cef4 "HTTP/1.1 200 OK"
2026-04-03T23:02:35 | INFO     | httpx | HTTP Request: GET https://api.tupinambaenergia.com.br/station/68d694c2493a0b001f82e4ed "HTTP/1.1 200 OK"
2026-04-03T23:02:36 | INFO     | httpx | HTTP Request: GET https://api.tupinambaenergia.com.br/station/68d6dcbe274620001fdb37f3 "HTTP/1.1 200 OK"
2026-04-03T23:02:37 | INFO     | httpx | HTTP Request: GET https://api.tupinambaenergia.com.br/station/68d956e896ab42001f31a5df "HTTP/1.1 200 OK"
2026-04-03T23:02:37 | INFO     | httpx | HTTP Request: GET https://api.tupinambaenergia.com.br/station/68da83e41034cf001ff1837d "HTTP/1.1 200 OK"
2026-04-03T23:02:38 | INFO     | httpx | HTTP Request: GET https://api.tupinambaenergia.com.br/station/68da84536887d4001f92d013 "HTTP/1.1 200 OK"
2026-04-03T23:02:38 | INFO     | httpx | HTTP Request: GET https://api.tupinambaenergia.com.br/station/68da9d3ec9b6da001f212b42 "HTTP/1.1 200 OK"
2026-04-03T23:02:39 | INFO     | httpx | HTTP Request: GET https://api.tupinambaenergia.com.br/station/68dab513906b27001f379c2d "HTTP/1.1 200 OK"
2026-04-03T23:02:40 | INFO     | httpx | HTTP Request: GET https://api.tupinambaenergia.com.br/station/68daba28c9b6da001f25ca6e "HTTP/1.1 200 OK"
2026-04-03T23:02:40 | INFO     | httpx | HTTP Request: GET https://api.tupinambaenergia.com.br/station/68dbed97dd1aa6001f25c4d7 "HTTP/1.1 200 OK"
2026-04-03T23:02:41 | INFO     | httpx | HTTP Request: GET https://api.tupinambaenergia.com.br/station/68dc1927c11265001f3b0c1c "HTTP/1.1 200 OK"
2026-04-03T23:02:42 | INFO     | httpx | HTTP Request: GET https://api.tupinambaenergia.com.br/station/68dc1c05ce1fef001fe82268 "HTTP/1.1 200 OK"
2026-04-03T23:02:42 | INFO     | httpx | HTTP Request: GET https://api.tupinambaenergia.com.br/station/68dc1d03c11265001f3c3f80 "HTTP/1.1 200 OK"
2026-04-03T23:02:43 | INFO     | httpx | HTTP Request: GET https://api.tupinambaenergia.com.br/station/68dc1db93a4f0e001fd8015d "HTTP/1.1 200 OK"
2026-04-03T23:02:43 | INFO     | httpx | HTTP Request: GET https://api.tupinambaenergia.com.br/station/68dd19a1fa5ca0001f0dcd5c "HTTP/1.1 200 OK"
2026-04-03T23:02:44 | INFO     | httpx | HTTP Request: GET https://api.tupinambaenergia.com.br/station/68dd8ee3b8f624001fe6a355 "HTTP/1.1 200 OK"
2026-04-03T23:02:45 | INFO     | httpx | HTTP Request: GET https://api.tupinambaenergia.com.br/station/68deb9c1b8f624001f1c41cc "HTTP/1.1 200 OK"
2026-04-03T23:02:45 | INFO     | httpx | HTTP Request: GET https://api.tupinambaenergia.com.br/station/68debd283b5b50001fdb2699 "HTTP/1.1 200 OK"
2026-04-03T23:02:46 | INFO     | httpx | HTTP Request: GET https://api.tupinambaenergia.com.br/station/68debfb96da705001f05f869 "HTTP/1.1 200 OK"
2026-04-03T23:02:46 | INFO     | httpx | HTTP Request: GET https://api.tupinambaenergia.com.br/station/68dec0566da705001f060954 "HTTP/1.1 200 OK"
2026-04-03T23:02:47 | INFO     | httpx | HTTP Request: GET https://api.tupinambaenergia.com.br/station/68dec0b56da705001f0612bf "HTTP/1.1 200 OK"
2026-04-03T23:02:48 | INFO     | httpx | HTTP Request: GET https://api.tupinambaenergia.com.br/station/68dec0bf6da705001f0613ac "HTTP/1.1 200 OK"
2026-04-03T23:02:48 | INFO     | httpx | HTTP Request: GET https://api.tupinambaenergia.com.br/station/68decdb85aacfb001f73e490 "HTTP/1.1 200 OK"
2026-04-03T23:02:49 | INFO     | httpx | HTTP Request: GET https://api.tupinambaenergia.com.br/station/68dfbff3650803001fde7e0f "HTTP/1.1 200 OK"
2026-04-03T23:02:50 | INFO     | httpx | HTTP Request: GET https://api.tupinambaenergia.com.br/station/68e0124c1a4906001ffbb9c0 "HTTP/1.1 200 OK"
2026-04-03T23:02:50 | INFO     | httpx | HTTP Request: GET https://api.tupinambaenergia.com.br/station/68e034c53c931f001f780b1d "HTTP/1.1 200 OK"
2026-04-03T23:02:51 | INFO     | httpx | HTTP Request: GET https://api.tupinambaenergia.com.br/station/68e03502a05844001f323811 "HTTP/1.1 200 OK"
2026-04-03T23:02:51 | INFO     | httpx | HTTP Request: GET https://api.tupinambaenergia.com.br/station/68e036f0650803001ff1ce8f "HTTP/1.1 200 OK"
2026-04-03T23:02:52 | INFO     | httpx | HTTP Request: GET https://api.tupinambaenergia.com.br/station/68e037393c931f001f788ad7 "HTTP/1.1 200 OK"
2026-04-03T23:02:53 | INFO     | httpx | HTTP Request: GET https://api.tupinambaenergia.com.br/station/68e3c07aa05844001fdd6d49 "HTTP/1.1 200 OK"
2026-04-03T23:02:53 | INFO     | httpx | HTTP Request: GET https://api.tupinambaenergia.com.br/station/68e3c6665ec11c001f87bb32 "HTTP/1.1 200 OK"
2026-04-03T23:02:54 | INFO     | httpx | HTTP Request: GET https://api.tupinambaenergia.com.br/station/68e4082310f7d5001f8b32b9 "HTTP/1.1 200 OK"
2026-04-03T23:02:54 | INFO     | httpx | HTTP Request: GET https://api.tupinambaenergia.com.br/station/68e423dba05844001ff60ede "HTTP/1.1 200 OK"
2026-04-03T23:02:55 | INFO     | httpx | HTTP Request: GET https://api.tupinambaenergia.com.br/station/68e4268510f7d5001f9293e7 "HTTP/1.1 200 OK"
2026-04-03T23:02:56 | INFO     | httpx | HTTP Request: GET https://api.tupinambaenergia.com.br/station/68e51ddaa05844001f26911e "HTTP/1.1 200 OK"
2026-04-03T23:02:56 | INFO     | httpx | HTTP Request: GET https://api.tupinambaenergia.com.br/station/68e520c7e21a5a001f4896c8 "HTTP/1.1 200 OK"
2026-04-03T23:02:57 | INFO     | httpx | HTTP Request: GET https://api.tupinambaenergia.com.br/station/68e5234ba071bd001f11a28d "HTTP/1.1 200 OK"
2026-04-03T23:02:57 | INFO     | httpx | HTTP Request: GET https://api.tupinambaenergia.com.br/station/68e55432db6d96001fe9b494 "HTTP/1.1 200 OK"
2026-04-03T23:02:58 | INFO     | httpx | HTTP Request: GET https://api.tupinambaenergia.com.br/station/68e559fba9235f001f1fe6e1 "HTTP/1.1 200 OK"
2026-04-03T23:02:59 | INFO     | httpx | HTTP Request: GET https://api.tupinambaenergia.com.br/station/68e56580a9235f001f22a69c "HTTP/1.1 200 OK"
2026-04-03T23:02:59 | INFO     | httpx | HTTP Request: GET https://api.tupinambaenergia.com.br/station/68e56c3ca9235f001f242129 "HTTP/1.1 200 OK"
2026-04-03T23:03:00 | INFO     | httpx | HTTP Request: GET https://api.tupinambaenergia.com.br/station/68e6500ddb6d96001f138525 "HTTP/1.1 200 OK"
2026-04-03T23:03:01 | INFO     | httpx | HTTP Request: GET https://api.tupinambaenergia.com.br/station/68e66a6c76afd1001f5c38e5 "HTTP/1.1 200 OK"
2026-04-03T23:03:01 | INFO     | httpx | HTTP Request: GET https://api.tupinambaenergia.com.br/station/68e683b376afd1001f61243b "HTTP/1.1 200 OK"
2026-04-03T23:03:02 | INFO     | httpx | HTTP Request: GET https://api.tupinambaenergia.com.br/station/68e68ce4f490b6001f54b7b6 "HTTP/1.1 200 OK"
2026-04-03T23:03:02 | INFO     | httpx | HTTP Request: GET https://api.tupinambaenergia.com.br/station/68e6eb60e4a026001f69bd8b "HTTP/1.1 200 OK"
2026-04-03T23:03:03 | INFO     | httpx | HTTP Request: GET https://api.tupinambaenergia.com.br/station/68e7b37e98d5b4001fb1d26a "HTTP/1.1 200 OK"
2026-04-03T23:03:04 | INFO     | httpx | HTTP Request: GET https://api.tupinambaenergia.com.br/station/68e7b3ab98d5b4001fb1def0 "HTTP/1.1 200 OK"
2026-04-03T23:03:04 | INFO     | httpx | HTTP Request: GET https://api.tupinambaenergia.com.br/station/68e7c7b3540c00001f4ab496 "HTTP/1.1 200 OK"
2026-04-03T23:03:05 | INFO     | httpx | HTTP Request: GET https://api.tupinambaenergia.com.br/station/68e940b145f16f001f136012 "HTTP/1.1 200 OK"
2026-04-03T23:03:06 | INFO     | httpx | HTTP Request: GET https://api.tupinambaenergia.com.br/station/68e958ed45f16f001f17b540 "HTTP/1.1 200 OK"
2026-04-03T23:03:06 | INFO     | httpx | HTTP Request: GET https://api.tupinambaenergia.com.br/station/68e95a2b45f16f001f17f643 "HTTP/1.1 200 OK"
2026-04-03T23:03:07 | INFO     | httpx | HTTP Request: GET https://api.tupinambaenergia.com.br/station/68e966cf62b86d001f47a6b6 "HTTP/1.1 200 OK"
2026-04-03T23:03:07 | INFO     | httpx | HTTP Request: GET https://api.tupinambaenergia.com.br/station/68ecfea31217f1001fb2b2df "HTTP/1.1 200 OK"
2026-04-03T23:03:08 | INFO     | httpx | HTTP Request: GET https://api.tupinambaenergia.com.br/station/68ed1b2b1217f1001fb8bb45 "HTTP/1.1 200 OK"
2026-04-03T23:03:08 | INFO     | ingest.tupi | Tupi enrich: processed 1200 / 2090
2026-04-03T23:03:09 | INFO     | httpx | HTTP Request: GET https://api.tupinambaenergia.com.br/station/68ed5b1eced43f001f11d8a4 "HTTP/1.1 200 OK"
2026-04-03T23:03:09 | INFO     | httpx | HTTP Request: GET https://api.tupinambaenergia.com.br/station/68ee3936ab4e8c001f7042cf "HTTP/1.1 200 OK"
2026-04-03T23:03:10 | INFO     | httpx | HTTP Request: GET https://api.tupinambaenergia.com.br/station/68ee47cab8a7aa001f58ee39 "HTTP/1.1 200 OK"
2026-04-03T23:03:11 | INFO     | httpx | HTTP Request: GET https://api.tupinambaenergia.com.br/station/68ee4820b8a7aa001f58f8de "HTTP/1.1 200 OK"
2026-04-03T23:03:11 | INFO     | httpx | HTTP Request: GET https://api.tupinambaenergia.com.br/station/68ee6c56bc31c7001fade8de "HTTP/1.1 200 OK"
2026-04-03T23:03:12 | INFO     | httpx | HTTP Request: GET https://api.tupinambaenergia.com.br/station/68ee6d36b60d8f001fb911ab "HTTP/1.1 200 OK"
2026-04-03T23:03:12 | INFO     | httpx | HTTP Request: GET https://api.tupinambaenergia.com.br/station/68ee6fd28a1e6b001fb3e0de "HTTP/1.1 200 OK"
2026-04-03T23:03:13 | INFO     | httpx | HTTP Request: GET https://api.tupinambaenergia.com.br/station/68ee7030bc31c7001faf1537 "HTTP/1.1 200 OK"
2026-04-03T23:03:14 | INFO     | httpx | HTTP Request: GET https://api.tupinambaenergia.com.br/station/68ee7e88b60d8f001fbc5d44 "HTTP/1.1 200 OK"
2026-04-03T23:03:14 | INFO     | httpx | HTTP Request: GET https://api.tupinambaenergia.com.br/station/68ee96e3b60d8f001fc06062 "HTTP/1.1 200 OK"
2026-04-03T23:03:15 | INFO     | httpx | HTTP Request: GET https://api.tupinambaenergia.com.br/station/68eea07723be73001f226fb3 "HTTP/1.1 200 OK"
2026-04-03T23:03:16 | INFO     | httpx | HTTP Request: GET https://api.tupinambaenergia.com.br/station/68ef9bb1238cd2001f9d5d5d "HTTP/1.1 200 OK"
2026-04-03T23:03:16 | INFO     | httpx | HTTP Request: GET https://api.tupinambaenergia.com.br/station/68efe3d12b6247001f0039d5 "HTTP/1.1 200 OK"
2026-04-03T23:03:17 | INFO     | httpx | HTTP Request: GET https://api.tupinambaenergia.com.br/station/68efe4512b6247001f0061c1 "HTTP/1.1 200 OK"
2026-04-03T23:03:18 | INFO     | httpx | HTTP Request: GET https://api.tupinambaenergia.com.br/station/68efeb707ee46e001fddba94 "HTTP/1.1 200 OK"
2026-04-03T23:03:18 | INFO     | httpx | HTTP Request: GET https://api.tupinambaenergia.com.br/station/68f0eaebf706e6001f5013c9 "HTTP/1.1 200 OK"
2026-04-03T23:03:19 | INFO     | httpx | HTTP Request: GET https://api.tupinambaenergia.com.br/station/68f0f395ce6e91001f8c2e43 "HTTP/1.1 200 OK"
2026-04-03T23:03:19 | INFO     | httpx | HTTP Request: GET https://api.tupinambaenergia.com.br/station/68f0f538ce6e91001f8c96d4 "HTTP/1.1 200 OK"
2026-04-03T23:03:20 | INFO     | httpx | HTTP Request: GET https://api.tupinambaenergia.com.br/station/68f17836dd3957001f604afe "HTTP/1.1 200 OK"
2026-04-03T23:03:21 | INFO     | httpx | HTTP Request: GET https://api.tupinambaenergia.com.br/station/68f25fa2d3026e001f9297c1 "HTTP/1.1 200 OK"
2026-04-03T23:03:21 | INFO     | httpx | HTTP Request: GET https://api.tupinambaenergia.com.br/station/68f26da198c56a001fa82aa0 "HTTP/1.1 200 OK"
2026-04-03T23:03:22 | INFO     | httpx | HTTP Request: GET https://api.tupinambaenergia.com.br/station/68f28ca8667af1001f77eb73 "HTTP/1.1 200 OK"
2026-04-03T23:03:23 | INFO     | httpx | HTTP Request: GET https://api.tupinambaenergia.com.br/station/68f291c11310a6001f25dc7a "HTTP/1.1 200 OK"
2026-04-03T23:03:23 | INFO     | httpx | HTTP Request: GET https://api.tupinambaenergia.com.br/station/68f29687afad85001f3dbdc9 "HTTP/1.1 200 OK"
2026-04-03T23:03:24 | INFO     | httpx | HTTP Request: GET https://api.tupinambaenergia.com.br/station/68f299c0afad85001f3e6866 "HTTP/1.1 200 OK"
2026-04-03T23:03:24 | INFO     | httpx | HTTP Request: GET https://api.tupinambaenergia.com.br/station/68f62b47adae0a001f7063a5 "HTTP/1.1 200 OK"
2026-04-03T23:03:25 | INFO     | httpx | HTTP Request: GET https://api.tupinambaenergia.com.br/station/68f634daadae0a001f727f7e "HTTP/1.1 200 OK"
2026-04-03T23:03:26 | INFO     | httpx | HTTP Request: GET https://api.tupinambaenergia.com.br/station/68f6350c92b3e0001fa94eb6 "HTTP/1.1 200 OK"
2026-04-03T23:03:26 | INFO     | httpx | HTTP Request: GET https://api.tupinambaenergia.com.br/station/68f6476baf7ff6001f1e15ad "HTTP/1.1 200 OK"
2026-04-03T23:03:27 | INFO     | httpx | HTTP Request: GET https://api.tupinambaenergia.com.br/station/68f6d00b2c9e09001fe2b130 "HTTP/1.1 200 OK"
2026-04-03T23:03:28 | INFO     | httpx | HTTP Request: GET https://api.tupinambaenergia.com.br/station/68f6d1514bf769001fd8c8a2 "HTTP/1.1 200 OK"
2026-04-03T23:03:28 | INFO     | httpx | HTTP Request: GET https://api.tupinambaenergia.com.br/station/68f6d2574bf769001fd8f370 "HTTP/1.1 200 OK"
2026-04-03T23:03:34 | INFO     | httpx | HTTP Request: GET https://api.tupinambaenergia.com.br/station/68f6d3c69796da001f9a921c "HTTP/1.1 200 OK"
2026-04-03T23:03:34 | INFO     | httpx | HTTP Request: GET https://api.tupinambaenergia.com.br/station/68f7b994d5a896001ffaf336 "HTTP/1.1 200 OK"
2026-04-03T23:03:35 | INFO     | httpx | HTTP Request: GET https://api.tupinambaenergia.com.br/station/68f7bc82d5a896001ffc097e "HTTP/1.1 200 OK"
2026-04-03T23:03:36 | INFO     | httpx | HTTP Request: GET https://api.tupinambaenergia.com.br/station/68f7bda0d5a896001ffcbe10 "HTTP/1.1 200 OK"
2026-04-03T23:03:36 | INFO     | httpx | HTTP Request: GET https://api.tupinambaenergia.com.br/station/68f7bfda2262c1001fbccd85 "HTTP/1.1 200 OK"
2026-04-03T23:03:37 | INFO     | httpx | HTTP Request: GET https://api.tupinambaenergia.com.br/station/68f7c2332262c1001fbdf856 "HTTP/1.1 200 OK"
2026-04-03T23:03:38 | INFO     | httpx | HTTP Request: GET https://api.tupinambaenergia.com.br/station/68f7c4edd5a896001fffad1b "HTTP/1.1 200 OK"
2026-04-03T23:03:38 | INFO     | httpx | HTTP Request: GET https://api.tupinambaenergia.com.br/station/68f7ca91d5a896001f01d8b8 "HTTP/1.1 200 OK"
2026-04-03T23:03:39 | INFO     | httpx | HTTP Request: GET https://api.tupinambaenergia.com.br/station/68f7da31dd5db7001f09914a "HTTP/1.1 200 OK"
2026-04-03T23:03:39 | INFO     | httpx | HTTP Request: GET https://api.tupinambaenergia.com.br/station/68f7f819378b12001fe39510 "HTTP/1.1 200 OK"
2026-04-03T23:03:40 | INFO     | httpx | HTTP Request: GET https://api.tupinambaenergia.com.br/station/68f80910e66aa0001f5d1a24 "HTTP/1.1 200 OK"
2026-04-03T23:03:41 | INFO     | httpx | HTTP Request: GET https://api.tupinambaenergia.com.br/station/68f8262c7efa47001f4cad16 "HTTP/1.1 200 OK"
2026-04-03T23:03:41 | INFO     | httpx | HTTP Request: GET https://api.tupinambaenergia.com.br/station/68f8cff143477c001ffbab75 "HTTP/1.1 200 OK"
2026-04-03T23:03:42 | INFO     | httpx | HTTP Request: GET https://api.tupinambaenergia.com.br/station/68f8e38579e16b001fb50512 "HTTP/1.1 200 OK"
2026-04-03T23:03:43 | INFO     | httpx | HTTP Request: GET https://api.tupinambaenergia.com.br/station/68f8e5b379e16b001fb5907b "HTTP/1.1 200 OK"
2026-04-03T23:03:43 | INFO     | httpx | HTTP Request: GET https://api.tupinambaenergia.com.br/station/68f9092f43477c001f0729bb "HTTP/1.1 200 OK"
2026-04-03T23:03:44 | INFO     | httpx | HTTP Request: GET https://api.tupinambaenergia.com.br/station/68f944ce667a71001fb6736e "HTTP/1.1 200 OK"
2026-04-03T23:03:45 | INFO     | httpx | HTTP Request: GET https://api.tupinambaenergia.com.br/station/68f96805667a71001fbdf465 "HTTP/1.1 200 OK"
2026-04-03T23:03:45 | INFO     | httpx | HTTP Request: GET https://api.tupinambaenergia.com.br/station/68f96845667a71001fbdffc1 "HTTP/1.1 200 OK"
2026-04-03T23:03:46 | INFO     | httpx | HTTP Request: GET https://api.tupinambaenergia.com.br/station/68f96885667a71001fbe098d "HTTP/1.1 200 OK"
2026-04-03T23:03:47 | INFO     | httpx | HTTP Request: GET https://api.tupinambaenergia.com.br/station/68fa18693a8141001f0d66b2 "HTTP/1.1 200 OK"
2026-04-03T23:03:47 | INFO     | httpx | HTTP Request: GET https://api.tupinambaenergia.com.br/station/68fa1c0e667a71001fd45800 "HTTP/1.1 200 OK"
2026-04-03T23:03:48 | INFO     | httpx | HTTP Request: GET https://api.tupinambaenergia.com.br/station/68fa20df7fc7b3001fe43561 "HTTP/1.1 200 OK"
2026-04-03T23:03:49 | INFO     | httpx | HTTP Request: GET https://api.tupinambaenergia.com.br/station/68fa3c1f3e1a89001fa725a4 "HTTP/1.1 200 OK"
2026-04-03T23:03:49 | INFO     | httpx | HTTP Request: GET https://api.tupinambaenergia.com.br/station/68fa5fd8667a71001fe4a9a8 "HTTP/1.1 200 OK"
2026-04-03T23:03:50 | INFO     | httpx | HTTP Request: GET https://api.tupinambaenergia.com.br/station/68fa8e62ada995001fc7f4f3 "HTTP/1.1 200 OK"
2026-04-03T23:03:50 | INFO     | httpx | HTTP Request: GET https://api.tupinambaenergia.com.br/station/68fa9092a395c5001f2e67b7 "HTTP/1.1 200 OK"
2026-04-03T23:03:51 | INFO     | httpx | HTTP Request: GET https://api.tupinambaenergia.com.br/station/68fa9d53a395c5001f311b0e "HTTP/1.1 200 OK"
2026-04-03T23:03:52 | INFO     | httpx | HTTP Request: GET https://api.tupinambaenergia.com.br/station/68fa9f37bc8f46001fb54345 "HTTP/1.1 200 OK"
2026-04-03T23:03:52 | INFO     | httpx | HTTP Request: GET https://api.tupinambaenergia.com.br/station/68faa01ebc8f46001fb58b4f "HTTP/1.1 200 OK"
2026-04-03T23:03:53 | INFO     | httpx | HTTP Request: GET https://api.tupinambaenergia.com.br/station/68faa1a9b9b23b001fcef32f "HTTP/1.1 200 OK"
2026-04-03T23:03:53 | INFO     | httpx | HTTP Request: GET https://api.tupinambaenergia.com.br/station/68fb7486a395c5001f47ee22 "HTTP/1.1 200 OK"
2026-04-03T23:03:54 | INFO     | httpx | HTTP Request: GET https://api.tupinambaenergia.com.br/station/68fb9ceaa395c5001f510ce9 "HTTP/1.1 200 OK"
2026-04-03T23:03:55 | INFO     | httpx | HTTP Request: GET https://api.tupinambaenergia.com.br/station/68fbb9e1ada995001f0ec613 "HTTP/1.1 200 OK"
2026-04-03T23:03:55 | INFO     | httpx | HTTP Request: GET https://api.tupinambaenergia.com.br/station/68fbc00ba395c5001f5845e8 "HTTP/1.1 200 OK"
2026-04-03T23:03:56 | INFO     | httpx | HTTP Request: GET https://api.tupinambaenergia.com.br/station/68fbc210a395c5001f58c08e "HTTP/1.1 200 OK"
2026-04-03T23:03:56 | INFO     | httpx | HTTP Request: GET https://api.tupinambaenergia.com.br/station/68fbcb87b9b23b001ffb8538 "HTTP/1.1 200 OK"
2026-04-03T23:03:57 | INFO     | httpx | HTTP Request: GET https://api.tupinambaenergia.com.br/station/68ff9245006fc7001ffc4ed6 "HTTP/1.1 200 OK"
2026-04-03T23:03:58 | INFO     | httpx | HTTP Request: GET https://api.tupinambaenergia.com.br/station/68ff954292f77f001fb61f36 "HTTP/1.1 200 OK"
2026-04-03T23:03:58 | INFO     | httpx | HTTP Request: GET https://api.tupinambaenergia.com.br/station/68ff96e50703f0001f1e64c4 "HTTP/1.1 200 OK"
2026-04-03T23:03:59 | INFO     | httpx | HTTP Request: GET https://api.tupinambaenergia.com.br/station/68ffb08792f77f001fbb55d1 "HTTP/1.1 200 OK"
2026-04-03T23:03:59 | INFO     | httpx | HTTP Request: GET https://api.tupinambaenergia.com.br/station/68ffba5b006fc7001f06b90c "HTTP/1.1 200 OK"
2026-04-03T23:04:00 | INFO     | httpx | HTTP Request: GET https://api.tupinambaenergia.com.br/station/68ffc230006fc7001f0854f0 "HTTP/1.1 200 OK"
2026-04-03T23:04:01 | INFO     | httpx | HTTP Request: GET https://api.tupinambaenergia.com.br/station/68ffc2dbcf5d35001fae2d4a "HTTP/1.1 200 OK"
2026-04-03T23:04:01 | INFO     | httpx | HTTP Request: GET https://api.tupinambaenergia.com.br/station/68ffd467006fc7001f0c0428 "HTTP/1.1 200 OK"
2026-04-03T23:04:02 | INFO     | httpx | HTTP Request: GET https://api.tupinambaenergia.com.br/station/68ffdbd60703f0001f2def6b "HTTP/1.1 200 OK"
2026-04-03T23:04:02 | INFO     | httpx | HTTP Request: GET https://api.tupinambaenergia.com.br/station/6900c6ce00d534001f2a05ac "HTTP/1.1 200 OK"
2026-04-03T23:04:03 | INFO     | httpx | HTTP Request: GET https://api.tupinambaenergia.com.br/station/6900d122472a9a001f1cd910 "HTTP/1.1 200 OK"
2026-04-03T23:04:04 | INFO     | httpx | HTTP Request: GET https://api.tupinambaenergia.com.br/station/6900d148472a9a001f1cdefd "HTTP/1.1 200 OK"
2026-04-03T23:04:04 | INFO     | httpx | HTTP Request: GET https://api.tupinambaenergia.com.br/station/690103fcd2879d001f61ced4 "HTTP/1.1 200 OK"
2026-04-03T23:04:05 | INFO     | httpx | HTTP Request: GET https://api.tupinambaenergia.com.br/station/690110f11a29dd001f590b22 "HTTP/1.1 200 OK"
2026-04-03T23:04:05 | INFO     | httpx | HTTP Request: GET https://api.tupinambaenergia.com.br/station/690218211a29dd001f7dbfbe "HTTP/1.1 200 OK"
2026-04-03T23:04:06 | INFO     | httpx | HTTP Request: GET https://api.tupinambaenergia.com.br/station/69021d9eb9bb98001fca732e "HTTP/1.1 200 OK"
2026-04-03T23:04:07 | INFO     | httpx | HTTP Request: GET https://api.tupinambaenergia.com.br/station/690224b01a29dd001f80f544 "HTTP/1.1 200 OK"
2026-04-03T23:04:07 | INFO     | httpx | HTTP Request: GET https://api.tupinambaenergia.com.br/station/6902818008e917001f46eba7 "HTTP/1.1 200 OK"
2026-04-03T23:04:08 | INFO     | httpx | HTTP Request: GET https://api.tupinambaenergia.com.br/station/6903654f1202f9001f3a460a "HTTP/1.1 200 OK"
2026-04-03T23:04:09 | INFO     | httpx | HTTP Request: GET https://api.tupinambaenergia.com.br/station/690367d8c1211f001f9ca1b8 "HTTP/1.1 200 OK"
2026-04-03T23:04:09 | INFO     | httpx | HTTP Request: GET https://api.tupinambaenergia.com.br/station/69036cb91202f9001f3c64de "HTTP/1.1 200 OK"
2026-04-03T23:04:10 | INFO     | httpx | HTTP Request: GET https://api.tupinambaenergia.com.br/station/69036ebe08e917001f7bb44e "HTTP/1.1 200 OK"
2026-04-03T23:04:10 | INFO     | httpx | HTTP Request: GET https://api.tupinambaenergia.com.br/station/69036fe24224e1001f4e6a03 "HTTP/1.1 200 OK"
2026-04-03T23:04:11 | INFO     | httpx | HTTP Request: GET https://api.tupinambaenergia.com.br/station/690371adc1211f001fa130a2 "HTTP/1.1 200 OK"
2026-04-03T23:04:12 | INFO     | httpx | HTTP Request: GET https://api.tupinambaenergia.com.br/station/6903731608e917001f81cca7 "HTTP/1.1 200 OK"
2026-04-03T23:04:12 | INFO     | httpx | HTTP Request: GET https://api.tupinambaenergia.com.br/station/69037ba41202f9001f42f75b "HTTP/1.1 200 OK"
2026-04-03T23:04:13 | INFO     | httpx | HTTP Request: GET https://api.tupinambaenergia.com.br/station/69037ca31202f9001f437644 "HTTP/1.1 200 OK"
2026-04-03T23:04:13 | INFO     | httpx | HTTP Request: GET https://api.tupinambaenergia.com.br/station/69037dd2c1211f001fa6c8cd "HTTP/1.1 200 OK"
2026-04-03T23:04:14 | INFO     | httpx | HTTP Request: GET https://api.tupinambaenergia.com.br/station/69037ed24224e1001f52da21 "HTTP/1.1 200 OK"
2026-04-03T23:04:15 | INFO     | httpx | HTTP Request: GET https://api.tupinambaenergia.com.br/station/690380434b58bc001f44f690 "HTTP/1.1 200 OK"
2026-04-03T23:04:15 | INFO     | httpx | HTTP Request: GET https://api.tupinambaenergia.com.br/station/6903818a4b58bc001f4526d3 "HTTP/1.1 200 OK"
2026-04-03T23:04:15 | INFO     | ingest.tupi | Tupi enrich: processed 1300 / 2090
2026-04-03T23:04:16 | INFO     | httpx | HTTP Request: GET https://api.tupinambaenergia.com.br/station/690382fcc1211f001fa7b885 "HTTP/1.1 200 OK"
2026-04-03T23:04:17 | INFO     | httpx | HTTP Request: GET https://api.tupinambaenergia.com.br/station/690384fc1202f9001f463fdf "HTTP/1.1 200 OK"
2026-04-03T23:04:17 | INFO     | httpx | HTTP Request: GET https://api.tupinambaenergia.com.br/station/690385a5c1211f001fa81620 "HTTP/1.1 200 OK"
2026-04-03T23:04:18 | INFO     | httpx | HTTP Request: GET https://api.tupinambaenergia.com.br/station/690386501202f9001f46a358 "HTTP/1.1 200 OK"
2026-04-03T23:04:18 | INFO     | httpx | HTTP Request: GET https://api.tupinambaenergia.com.br/station/69038785c1211f001fa88ca1 "HTTP/1.1 200 OK"
2026-04-03T23:04:19 | INFO     | httpx | HTTP Request: GET https://api.tupinambaenergia.com.br/station/69038c804224e1001f557b89 "HTTP/1.1 200 OK"
2026-04-03T23:04:20 | INFO     | httpx | HTTP Request: GET https://api.tupinambaenergia.com.br/station/69038d581202f9001f48fca3 "HTTP/1.1 200 OK"
2026-04-03T23:04:20 | INFO     | httpx | HTTP Request: GET https://api.tupinambaenergia.com.br/station/69038e1c4224e1001f55b8f5 "HTTP/1.1 200 OK"
2026-04-03T23:04:21 | INFO     | httpx | HTTP Request: GET https://api.tupinambaenergia.com.br/station/69038ee54224e1001f55d450 "HTTP/1.1 200 OK"
2026-04-03T23:04:21 | INFO     | httpx | HTTP Request: GET https://api.tupinambaenergia.com.br/station/69039019c1211f001faa7e03 "HTTP/1.1 200 OK"
2026-04-03T23:04:22 | INFO     | httpx | HTTP Request: GET https://api.tupinambaenergia.com.br/station/690391044224e1001f562794 "HTTP/1.1 200 OK"
2026-04-03T23:04:23 | INFO     | httpx | HTTP Request: GET https://api.tupinambaenergia.com.br/station/6903939f0884a3002070a244 "HTTP/1.1 200 OK"
2026-04-03T23:04:23 | INFO     | httpx | HTTP Request: GET https://api.tupinambaenergia.com.br/station/6903c2dbe020d0001fb069d6 "HTTP/1.1 200 OK"
2026-04-03T23:04:24 | INFO     | httpx | HTTP Request: GET https://api.tupinambaenergia.com.br/station/6903cb97f2ffb0001fde0489 "HTTP/1.1 200 OK"
2026-04-03T23:04:25 | INFO     | httpx | HTTP Request: GET https://api.tupinambaenergia.com.br/station/6903ccd1d602d0001f2eb1ce "HTTP/1.1 200 OK"
2026-04-03T23:04:25 | INFO     | httpx | HTTP Request: GET https://api.tupinambaenergia.com.br/station/6904c8fedeaae8001f6b5f77 "HTTP/1.1 200 OK"
2026-04-03T23:04:26 | INFO     | httpx | HTTP Request: GET https://api.tupinambaenergia.com.br/station/6904ca3cf2ffb0001f0e36b8 "HTTP/1.1 200 OK"
2026-04-03T23:04:26 | INFO     | httpx | HTTP Request: GET https://api.tupinambaenergia.com.br/station/6904cb42f2ffb0001f0ed7c8 "HTTP/1.1 200 OK"
2026-04-03T23:04:27 | INFO     | httpx | HTTP Request: GET https://api.tupinambaenergia.com.br/station/6904d0c6deaae8001f6d19cb "HTTP/1.1 200 OK"
2026-04-03T23:04:28 | INFO     | httpx | HTTP Request: GET https://api.tupinambaenergia.com.br/station/6904d226d602d0001f629c18 "HTTP/1.1 200 OK"
2026-04-03T23:04:28 | INFO     | httpx | HTTP Request: GET https://api.tupinambaenergia.com.br/station/6904f2abdeaae8001f7c24ff "HTTP/1.1 200 OK"
2026-04-03T23:04:29 | INFO     | httpx | HTTP Request: GET https://api.tupinambaenergia.com.br/station/6904f5f2e020d0001ff849c2 "HTTP/1.1 200 OK"
2026-04-03T23:04:30 | INFO     | httpx | HTTP Request: GET https://api.tupinambaenergia.com.br/station/6904f838e020d0001ff8c31a "HTTP/1.1 200 OK"
2026-04-03T23:04:30 | INFO     | httpx | HTTP Request: GET https://api.tupinambaenergia.com.br/station/69050133f2ffb0001f1fa43d "HTTP/1.1 200 OK"
2026-04-03T23:04:31 | INFO     | httpx | HTTP Request: GET https://api.tupinambaenergia.com.br/station/690501a4d602d0001f7097b6 "HTTP/1.1 200 OK"
2026-04-03T23:04:32 | INFO     | httpx | HTTP Request: GET https://api.tupinambaenergia.com.br/station/6905046be020d0001ffc9bb2 "HTTP/1.1 200 OK"
2026-04-03T23:04:32 | INFO     | httpx | HTTP Request: GET https://api.tupinambaenergia.com.br/station/690506d6deaae8001f818167 "HTTP/1.1 200 OK"
2026-04-03T23:04:33 | INFO     | httpx | HTTP Request: GET https://api.tupinambaenergia.com.br/station/6905083cdeaae8001f81dcb6 "HTTP/1.1 200 OK"
2026-04-03T23:04:33 | INFO     | httpx | HTTP Request: GET https://api.tupinambaenergia.com.br/station/690892c2d602d0001f1faacd "HTTP/1.1 200 OK"
2026-04-03T23:04:34 | INFO     | httpx | HTTP Request: GET https://api.tupinambaenergia.com.br/station/6908df9b0ddddf001f1f8f88 "HTTP/1.1 200 OK"
2026-04-03T23:04:35 | INFO     | httpx | HTTP Request: GET https://api.tupinambaenergia.com.br/station/6908eb10f2ffb0001febab72 "HTTP/1.1 200 OK"
2026-04-03T23:04:35 | INFO     | httpx | HTTP Request: GET https://api.tupinambaenergia.com.br/station/6908ec97f2ffb0001fec39e5 "HTTP/1.1 200 OK"
2026-04-03T23:04:36 | INFO     | httpx | HTTP Request: GET https://api.tupinambaenergia.com.br/station/6908efbdd602d0001f3a9832 "HTTP/1.1 200 OK"
2026-04-03T23:04:37 | INFO     | httpx | HTTP Request: GET https://api.tupinambaenergia.com.br/station/69090152f2ffb0001ff27ac9 "HTTP/1.1 200 OK"
2026-04-03T23:04:37 | INFO     | httpx | HTTP Request: GET https://api.tupinambaenergia.com.br/station/69090197d602d0001f407015 "HTTP/1.1 200 OK"
2026-04-03T23:04:38 | INFO     | httpx | HTTP Request: GET https://api.tupinambaenergia.com.br/station/6909fdd8f6acd9001f5c4abd "HTTP/1.1 200 OK"
2026-04-03T23:04:38 | INFO     | httpx | HTTP Request: GET https://api.tupinambaenergia.com.br/station/690a0abae020d0001f1dff13 "HTTP/1.1 200 OK"
2026-04-03T23:04:39 | INFO     | httpx | HTTP Request: GET https://api.tupinambaenergia.com.br/station/690a0e05d602d0001f7ff4f2 "HTTP/1.1 200 OK"
2026-04-03T23:04:40 | INFO     | httpx | HTTP Request: GET https://api.tupinambaenergia.com.br/station/690a5785f2ffb0001f3de6ec "HTTP/1.1 200 OK"
2026-04-03T23:04:40 | INFO     | httpx | HTTP Request: GET https://api.tupinambaenergia.com.br/station/690a63dbe020d0001f38c311 "HTTP/1.1 200 OK"
2026-04-03T23:04:41 | INFO     | httpx | HTTP Request: GET https://api.tupinambaenergia.com.br/station/690a6dcadeaae8001f813103 "HTTP/1.1 200 OK"
2026-04-03T23:04:41 | INFO     | httpx | HTTP Request: GET https://api.tupinambaenergia.com.br/station/690b38e6e020d0001f592fd9 "HTTP/1.1 200 OK"
2026-04-03T23:04:42 | INFO     | httpx | HTTP Request: GET https://api.tupinambaenergia.com.br/station/690b45c52eb1db001fb0924c "HTTP/1.1 200 OK"
2026-04-03T23:04:43 | INFO     | httpx | HTTP Request: GET https://api.tupinambaenergia.com.br/station/690b72d8b7f1d6001f57375a "HTTP/1.1 200 OK"
2026-04-03T23:04:43 | INFO     | httpx | HTTP Request: GET https://api.tupinambaenergia.com.br/station/690b90f27e69ae001f6c4abe "HTTP/1.1 200 OK"
2026-04-03T23:04:44 | INFO     | httpx | HTTP Request: GET https://api.tupinambaenergia.com.br/station/690c868e33288d001fbbd6cc "HTTP/1.1 200 OK"
2026-04-03T23:04:44 | INFO     | httpx | HTTP Request: GET https://api.tupinambaenergia.com.br/station/690c8d18b7f1d6001f958523 "HTTP/1.1 200 OK"
2026-04-03T23:04:45 | INFO     | httpx | HTTP Request: GET https://api.tupinambaenergia.com.br/station/690c8d6f2eb1db001ff77ca5 "HTTP/1.1 200 OK"
2026-04-03T23:04:46 | INFO     | httpx | HTTP Request: GET https://api.tupinambaenergia.com.br/station/690c96932eb1db001ff8fff5 "HTTP/1.1 200 OK"
2026-04-03T23:04:46 | INFO     | httpx | HTTP Request: GET https://api.tupinambaenergia.com.br/station/690ca7a9b7f1d6001fa3ef49 "HTTP/1.1 200 OK"
2026-04-03T23:04:47 | INFO     | httpx | HTTP Request: GET https://api.tupinambaenergia.com.br/station/690caebe7e69ae001fb44aa2 "HTTP/1.1 200 OK"
2026-04-03T23:04:48 | INFO     | httpx | HTTP Request: GET https://api.tupinambaenergia.com.br/station/690cfc7737971a001f4978b0 "HTTP/1.1 200 OK"
2026-04-03T23:04:48 | INFO     | httpx | HTTP Request: GET https://api.tupinambaenergia.com.br/station/690cffb5a109ab001f093986 "HTTP/1.1 200 OK"
2026-04-03T23:04:49 | INFO     | httpx | HTTP Request: GET https://api.tupinambaenergia.com.br/station/690d070fc3dc58001ff7f912 "HTTP/1.1 200 OK"
2026-04-03T23:04:49 | INFO     | httpx | HTTP Request: GET https://api.tupinambaenergia.com.br/station/690de40037971a001f7c0354 "HTTP/1.1 200 OK"
2026-04-03T23:04:50 | INFO     | httpx | HTTP Request: GET https://api.tupinambaenergia.com.br/station/690de9dba109ab001f41eefe "HTTP/1.1 200 OK"
2026-04-03T23:04:51 | INFO     | httpx | HTTP Request: GET https://api.tupinambaenergia.com.br/station/690de9e025525d001fb5e695 "HTTP/1.1 200 OK"
2026-04-03T23:04:51 | INFO     | httpx | HTTP Request: GET https://api.tupinambaenergia.com.br/station/690dede525525d001fb6c277 "HTTP/1.1 200 OK"
2026-04-03T23:04:52 | INFO     | httpx | HTTP Request: GET https://api.tupinambaenergia.com.br/station/690df02425525d001fb78320 "HTTP/1.1 200 OK"
2026-04-03T23:04:52 | INFO     | httpx | HTTP Request: GET https://api.tupinambaenergia.com.br/station/690f98c1c3dc58001f94ff8e "HTTP/1.1 200 OK"
2026-04-03T23:04:53 | INFO     | httpx | HTTP Request: GET https://api.tupinambaenergia.com.br/station/6911d95f933a01001f126b13 "HTTP/1.1 200 OK"
2026-04-03T23:04:54 | INFO     | httpx | HTTP Request: GET https://api.tupinambaenergia.com.br/station/6911f6b6933a01001f1c2aad "HTTP/1.1 200 OK"
2026-04-03T23:04:54 | INFO     | httpx | HTTP Request: GET https://api.tupinambaenergia.com.br/station/69120e9f434cc4001fe6cf51 "HTTP/1.1 200 OK"
2026-04-03T23:04:55 | INFO     | httpx | HTTP Request: GET https://api.tupinambaenergia.com.br/station/691320c7d95290001f4702cf "HTTP/1.1 200 OK"
2026-04-03T23:04:56 | INFO     | httpx | HTTP Request: GET https://api.tupinambaenergia.com.br/station/69132115d95290001f470a56 "HTTP/1.1 200 OK"
2026-04-03T23:04:56 | INFO     | httpx | HTTP Request: GET https://api.tupinambaenergia.com.br/station/69133b1b9c8553001f268443 "HTTP/1.1 200 OK"
2026-04-03T23:04:57 | INFO     | httpx | HTTP Request: GET https://api.tupinambaenergia.com.br/station/69133cd29c8553001f272be4 "HTTP/1.1 200 OK"
2026-04-03T23:04:57 | INFO     | httpx | HTTP Request: GET https://api.tupinambaenergia.com.br/station/691340873e6c2d001f9575c0 "HTTP/1.1 200 OK"
2026-04-03T23:04:58 | INFO     | httpx | HTTP Request: GET https://api.tupinambaenergia.com.br/station/69136e14293307001fb48bf7 "HTTP/1.1 200 OK"
2026-04-03T23:04:59 | INFO     | httpx | HTTP Request: GET https://api.tupinambaenergia.com.br/station/6913726c9c8553001f345c23 "HTTP/1.1 200 OK"
2026-04-03T23:04:59 | INFO     | httpx | HTTP Request: GET https://api.tupinambaenergia.com.br/station/691385359c8553001f3a2abd "HTTP/1.1 200 OK"
2026-04-03T23:05:00 | INFO     | httpx | HTTP Request: GET https://api.tupinambaenergia.com.br/station/6914882f9c8553001f7577f9 "HTTP/1.1 200 OK"
2026-04-03T23:05:00 | INFO     | httpx | HTTP Request: GET https://api.tupinambaenergia.com.br/station/6914bdc6715f6c001f999ece "HTTP/1.1 200 OK"
2026-04-03T23:05:01 | INFO     | httpx | HTTP Request: GET https://api.tupinambaenergia.com.br/station/6915cf5b9c8553001faec438 "HTTP/1.1 200 OK"
2026-04-03T23:05:02 | INFO     | httpx | HTTP Request: GET https://api.tupinambaenergia.com.br/station/6915cfc6265456001f39d5b6 "HTTP/1.1 200 OK"
2026-04-03T23:05:02 | INFO     | httpx | HTTP Request: GET https://api.tupinambaenergia.com.br/station/6915d021715f6c001fd981f0 "HTTP/1.1 200 OK"
2026-04-03T23:05:03 | INFO     | httpx | HTTP Request: GET https://api.tupinambaenergia.com.br/station/6915d827715f6c001fdb5d8e "HTTP/1.1 200 OK"
2026-04-03T23:05:03 | INFO     | httpx | HTTP Request: GET https://api.tupinambaenergia.com.br/station/6915db8d9c8553001fb1d4df "HTTP/1.1 200 OK"
2026-04-03T23:05:04 | INFO     | httpx | HTTP Request: GET https://api.tupinambaenergia.com.br/station/6915eb469c8553001fb5e05b "HTTP/1.1 200 OK"
2026-04-03T23:05:05 | INFO     | httpx | HTTP Request: GET https://api.tupinambaenergia.com.br/station/6915ed2f715f6c001fe20b80 "HTTP/1.1 200 OK"
2026-04-03T23:05:05 | INFO     | httpx | HTTP Request: GET https://api.tupinambaenergia.com.br/station/6916218b63b297001f2b3b15 "HTTP/1.1 200 OK"
2026-04-03T23:05:06 | INFO     | httpx | HTTP Request: GET https://api.tupinambaenergia.com.br/station/6917381d28e9d9001e78b98b "HTTP/1.1 200 OK"
2026-04-03T23:05:06 | INFO     | httpx | HTTP Request: GET https://api.tupinambaenergia.com.br/station/69173935d7725d001f7cfc83 "HTTP/1.1 200 OK"
2026-04-03T23:05:07 | INFO     | httpx | HTTP Request: GET https://api.tupinambaenergia.com.br/station/69173cb53bad44001fc83d83 "HTTP/1.1 200 OK"
2026-04-03T23:05:08 | INFO     | httpx | HTTP Request: GET https://api.tupinambaenergia.com.br/station/691747ded7725d001f80fa69 "HTTP/1.1 200 OK"
2026-04-03T23:05:08 | INFO     | httpx | HTTP Request: GET https://api.tupinambaenergia.com.br/station/69174c3528e9d9001e7e90de "HTTP/1.1 200 OK"
2026-04-03T23:05:09 | INFO     | httpx | HTTP Request: GET https://api.tupinambaenergia.com.br/station/6917682b3bad44001fd39913 "HTTP/1.1 200 OK"
2026-04-03T23:05:10 | INFO     | httpx | HTTP Request: GET https://api.tupinambaenergia.com.br/station/691b1530b9144f001f4adfb7 "HTTP/1.1 200 OK"
2026-04-03T23:05:10 | INFO     | httpx | HTTP Request: GET https://api.tupinambaenergia.com.br/station/691b5c5a7b5c2b001f7e434e "HTTP/1.1 200 OK"
2026-04-03T23:05:11 | INFO     | httpx | HTTP Request: GET https://api.tupinambaenergia.com.br/station/691b5c7e8b0356001f581982 "HTTP/1.1 200 OK"
2026-04-03T23:05:11 | INFO     | httpx | HTTP Request: GET https://api.tupinambaenergia.com.br/station/691b6556cd0d5d001fb8fd16 "HTTP/1.1 200 OK"
2026-04-03T23:05:12 | INFO     | httpx | HTTP Request: GET https://api.tupinambaenergia.com.br/station/691b6b69e13709001f098a44 "HTTP/1.1 200 OK"
2026-04-03T23:05:13 | INFO     | httpx | HTTP Request: GET https://api.tupinambaenergia.com.br/station/691c5e6d490b90001f2e447d "HTTP/1.1 200 OK"
2026-04-03T23:05:13 | INFO     | httpx | HTTP Request: GET https://api.tupinambaenergia.com.br/station/691c9c99ac18af001f6ddef4 "HTTP/1.1 200 OK"
2026-04-03T23:05:14 | INFO     | httpx | HTTP Request: GET https://api.tupinambaenergia.com.br/station/691c9df5cd0d5d001fe5db87 "HTTP/1.1 200 OK"
2026-04-03T23:05:15 | INFO     | httpx | HTTP Request: GET https://api.tupinambaenergia.com.br/station/691cb510ac18af001f762ea5 "HTTP/1.1 200 OK"
2026-04-03T23:05:15 | INFO     | httpx | HTTP Request: GET https://api.tupinambaenergia.com.br/station/691cc522ac18af001f7d7813 "HTTP/1.1 200 OK"
2026-04-03T23:05:16 | INFO     | httpx | HTTP Request: GET https://api.tupinambaenergia.com.br/station/691cc6e9ac18af001f7dda2a "HTTP/1.1 200 OK"
2026-04-03T23:05:16 | INFO     | httpx | HTTP Request: GET https://api.tupinambaenergia.com.br/station/691dd239592459001f446519 "HTTP/1.1 200 OK"
2026-04-03T23:05:17 | INFO     | httpx | HTTP Request: GET https://api.tupinambaenergia.com.br/station/691dd2ec8978d9001f4157e6 "HTTP/1.1 200 OK"
2026-04-03T23:05:17 | INFO     | ingest.tupi | Tupi enrich: processed 1400 / 2090
2026-04-03T23:05:17 | INFO     | httpx | HTTP Request: GET https://api.tupinambaenergia.com.br/station/691ddb45592459001f44fa6e "HTTP/1.1 200 OK"
2026-04-03T23:05:18 | INFO     | httpx | HTTP Request: GET https://api.tupinambaenergia.com.br/station/691df025914c71001f9b8085 "HTTP/1.1 200 OK"
2026-04-03T23:05:19 | INFO     | httpx | HTTP Request: GET https://api.tupinambaenergia.com.br/station/691df61104bfcf001f75c0d9 "HTTP/1.1 200 OK"
2026-04-03T23:05:19 | INFO     | httpx | HTTP Request: GET https://api.tupinambaenergia.com.br/station/691df65504bfcf001f75cd94 "HTTP/1.1 200 OK"
2026-04-03T23:05:20 | INFO     | httpx | HTTP Request: GET https://api.tupinambaenergia.com.br/station/691dfc741f7ef4001f8a59b9 "HTTP/1.1 200 OK"
2026-04-03T23:05:21 | INFO     | httpx | HTTP Request: GET https://api.tupinambaenergia.com.br/station/691e16c753e6c4001f83f94b "HTTP/1.1 200 OK"
2026-04-03T23:05:21 | INFO     | httpx | HTTP Request: GET https://api.tupinambaenergia.com.br/station/691e31367bbcd8001ff60533 "HTTP/1.1 200 OK"
2026-04-03T23:05:22 | INFO     | httpx | HTTP Request: GET https://api.tupinambaenergia.com.br/station/691e32f353e6c4001f86aa3c "HTTP/1.1 200 OK"
2026-04-03T23:05:22 | INFO     | httpx | HTTP Request: GET https://api.tupinambaenergia.com.br/station/692079ee53e6c4001fbb21ca "HTTP/1.1 200 OK"
2026-04-03T23:05:23 | INFO     | httpx | HTTP Request: GET https://api.tupinambaenergia.com.br/station/69207a05480ddd001fcd8a9a "HTTP/1.1 200 OK"
2026-04-03T23:05:24 | INFO     | httpx | HTTP Request: GET https://api.tupinambaenergia.com.br/station/69207a26480ddd001fcd8af9 "HTTP/1.1 200 OK"
2026-04-03T23:05:24 | INFO     | httpx | HTTP Request: GET https://api.tupinambaenergia.com.br/station/6920a8eb480ddd001fcfdf5a "HTTP/1.1 200 OK"
2026-04-03T23:05:25 | INFO     | httpx | HTTP Request: GET https://api.tupinambaenergia.com.br/station/69248d719240c9001fee934f "HTTP/1.1 200 OK"
2026-04-03T23:05:25 | INFO     | httpx | HTTP Request: GET https://api.tupinambaenergia.com.br/station/69248deb9240c9001fee940f "HTTP/1.1 200 OK"
2026-04-03T23:05:26 | INFO     | httpx | HTTP Request: GET https://api.tupinambaenergia.com.br/station/69248e62ad9a49001f867bce "HTTP/1.1 200 OK"
2026-04-03T23:05:27 | INFO     | httpx | HTTP Request: GET https://api.tupinambaenergia.com.br/station/69248ec3ad9a49001f867d07 "HTTP/1.1 200 OK"
2026-04-03T23:05:27 | INFO     | httpx | HTTP Request: GET https://api.tupinambaenergia.com.br/station/69248f189240c9001feeedea "HTTP/1.1 200 OK"
2026-04-03T23:05:28 | INFO     | httpx | HTTP Request: GET https://api.tupinambaenergia.com.br/station/6924b30cad9a49001f893084 "HTTP/1.1 200 OK"
2026-04-03T23:05:29 | INFO     | httpx | HTTP Request: GET https://api.tupinambaenergia.com.br/station/6924d9449240c9001ffad7d1 "HTTP/1.1 200 OK"
2026-04-03T23:05:29 | INFO     | httpx | HTTP Request: GET https://api.tupinambaenergia.com.br/station/69259637ad9a49001f94bef2 "HTTP/1.1 200 OK"
2026-04-03T23:05:30 | INFO     | httpx | HTTP Request: GET https://api.tupinambaenergia.com.br/station/6925a359ad9a49001f955dbf "HTTP/1.1 200 OK"
2026-04-03T23:05:30 | INFO     | httpx | HTTP Request: GET https://api.tupinambaenergia.com.br/station/6925cd3b9240c9001f078c17 "HTTP/1.1 200 OK"
2026-04-03T23:05:31 | INFO     | httpx | HTTP Request: GET https://api.tupinambaenergia.com.br/station/6925cdc39240c9001f078d41 "HTTP/1.1 200 OK"
2026-04-03T23:05:32 | INFO     | httpx | HTTP Request: GET https://api.tupinambaenergia.com.br/station/6925e53d0aba4a001fd61d98 "HTTP/1.1 200 OK"
2026-04-03T23:05:32 | INFO     | httpx | HTTP Request: GET https://api.tupinambaenergia.com.br/station/6925e6589240c9001f090770 "HTTP/1.1 200 OK"
2026-04-03T23:05:33 | INFO     | httpx | HTTP Request: GET https://api.tupinambaenergia.com.br/station/6925e8661f7ef4001f0558ef "HTTP/1.1 200 OK"
2026-04-03T23:05:33 | INFO     | httpx | HTTP Request: GET https://api.tupinambaenergia.com.br/station/692600241f7ef4001f0b1ef4 "HTTP/1.1 200 OK"
2026-04-03T23:05:34 | INFO     | httpx | HTTP Request: GET https://api.tupinambaenergia.com.br/station/692604079240c9001f0a4718 "HTTP/1.1 200 OK"
2026-04-03T23:05:34 | INFO     | httpx | HTTP Request: GET https://api.tupinambaenergia.com.br/station/692607130aba4a001fdf4ccd "HTTP/1.1 200 OK"
2026-04-03T23:05:35 | INFO     | httpx | HTTP Request: GET https://api.tupinambaenergia.com.br/station/69260989ad9a49001f9cc5f9 "HTTP/1.1 200 OK"
2026-04-03T23:05:36 | INFO     | httpx | HTTP Request: GET https://api.tupinambaenergia.com.br/station/69260da61f7ef4001f0f13e0 "HTTP/1.1 200 OK"
2026-04-03T23:05:36 | INFO     | httpx | HTTP Request: GET https://api.tupinambaenergia.com.br/station/69261009ad9a49001f9d0055 "HTTP/1.1 200 OK"
2026-04-03T23:05:37 | INFO     | httpx | HTTP Request: GET https://api.tupinambaenergia.com.br/station/692703f4f03630001f74b0cc "HTTP/1.1 200 OK"
2026-04-03T23:05:38 | INFO     | httpx | HTTP Request: GET https://api.tupinambaenergia.com.br/station/6927093a96622f001fe6ff94 "HTTP/1.1 200 OK"
2026-04-03T23:05:38 | INFO     | httpx | HTTP Request: GET https://api.tupinambaenergia.com.br/station/6927392a68b03c001f4fbb73 "HTTP/1.1 200 OK"
2026-04-03T23:05:39 | INFO     | httpx | HTTP Request: GET https://api.tupinambaenergia.com.br/station/69273a87c08aac001ffff546 "HTTP/1.1 200 OK"
2026-04-03T23:05:40 | INFO     | httpx | HTTP Request: GET https://api.tupinambaenergia.com.br/station/69273f1d68b03c001f50007d "HTTP/1.1 200 OK"
2026-04-03T23:05:40 | INFO     | httpx | HTTP Request: GET https://api.tupinambaenergia.com.br/station/6927413bc08aac001f0097e7 "HTTP/1.1 200 OK"
2026-04-03T23:05:41 | INFO     | httpx | HTTP Request: GET https://api.tupinambaenergia.com.br/station/6927498ec08aac001f010cd8 "HTTP/1.1 200 OK"
2026-04-03T23:05:41 | INFO     | httpx | HTTP Request: GET https://api.tupinambaenergia.com.br/station/692749edc08aac001f010e30 "HTTP/1.1 200 OK"
2026-04-03T23:05:42 | INFO     | httpx | HTTP Request: GET https://api.tupinambaenergia.com.br/station/6927557f68b03c001f511f23 "HTTP/1.1 200 OK"
2026-04-03T23:05:43 | INFO     | httpx | HTTP Request: GET https://api.tupinambaenergia.com.br/station/69275ccfc08aac001f01de41 "HTTP/1.1 200 OK"
2026-04-03T23:05:43 | INFO     | httpx | HTTP Request: GET https://api.tupinambaenergia.com.br/station/69275e4968b03c001f51e903 "HTTP/1.1 200 OK"
2026-04-03T23:05:44 | INFO     | httpx | HTTP Request: GET https://api.tupinambaenergia.com.br/station/69276922c08aac001f025a59 "HTTP/1.1 200 OK"
2026-04-03T23:05:44 | INFO     | httpx | HTTP Request: GET https://api.tupinambaenergia.com.br/station/69279c2604e150001f89bdb9 "HTTP/1.1 200 OK"
2026-04-03T23:05:45 | INFO     | httpx | HTTP Request: GET https://api.tupinambaenergia.com.br/station/6928572568b03c001f63c57c "HTTP/1.1 200 OK"
2026-04-03T23:05:46 | INFO     | httpx | HTTP Request: GET https://api.tupinambaenergia.com.br/station/69285876c08aac001f1241d7 "HTTP/1.1 200 OK"
2026-04-03T23:05:46 | INFO     | httpx | HTTP Request: GET https://api.tupinambaenergia.com.br/station/6928719268b03c001f65bc74 "HTTP/1.1 200 OK"
2026-04-03T23:05:47 | INFO     | httpx | HTTP Request: GET https://api.tupinambaenergia.com.br/station/692871c468b03c001f65bcd7 "HTTP/1.1 200 OK"
2026-04-03T23:05:47 | INFO     | httpx | HTTP Request: GET https://api.tupinambaenergia.com.br/station/6928936268b03c001f6867eb "HTTP/1.1 200 OK"
2026-04-03T23:05:48 | INFO     | httpx | HTTP Request: GET https://api.tupinambaenergia.com.br/station/6928a43268b03c001f6a62a9 "HTTP/1.1 200 OK"
2026-04-03T23:05:49 | INFO     | httpx | HTTP Request: GET https://api.tupinambaenergia.com.br/station/6928c79f150180001f9ddaa9 "HTTP/1.1 200 OK"
2026-04-03T23:05:49 | INFO     | httpx | HTTP Request: GET https://api.tupinambaenergia.com.br/station/692992c28fd5ce001f2a38e7 "HTTP/1.1 200 OK"
2026-04-03T23:05:50 | INFO     | httpx | HTTP Request: GET https://api.tupinambaenergia.com.br/station/6929eeb7755b82001f477b69 "HTTP/1.1 200 OK"
2026-04-03T23:05:51 | INFO     | httpx | HTTP Request: GET https://api.tupinambaenergia.com.br/station/6929ef16c08aac001f4553f8 "HTTP/1.1 200 OK"
2026-04-03T23:05:51 | INFO     | httpx | HTTP Request: GET https://api.tupinambaenergia.com.br/station/6929ef68755b82001f477e8c "HTTP/1.1 200 OK"
2026-04-03T23:05:52 | INFO     | httpx | HTTP Request: GET https://api.tupinambaenergia.com.br/station/6929efb4755b82001f478013 "HTTP/1.1 200 OK"
2026-04-03T23:05:52 | INFO     | httpx | HTTP Request: GET https://api.tupinambaenergia.com.br/station/6929f01b755b82001f4788bd "HTTP/1.1 200 OK"
2026-04-03T23:05:53 | INFO     | httpx | HTTP Request: GET https://api.tupinambaenergia.com.br/station/6929f067c08aac001f455aad "HTTP/1.1 200 OK"
2026-04-03T23:05:54 | INFO     | httpx | HTTP Request: GET https://api.tupinambaenergia.com.br/station/692a2546d5ee15001e63c5ec "HTTP/1.1 200 OK"
2026-04-03T23:05:54 | INFO     | httpx | HTTP Request: GET https://api.tupinambaenergia.com.br/station/692b5b60d5ee15001e77a785 "HTTP/1.1 200 OK"
2026-04-03T23:05:55 | INFO     | httpx | HTTP Request: GET https://api.tupinambaenergia.com.br/station/692db980219906001fb98c99 "HTTP/1.1 200 OK"
2026-04-04T00:09:22 | ERROR    | __main__ | Fatal error: Server disconnected without sending a response.
Traceback (most recent call last):
  File "C:\Users\Pedro\Desktop\EV_recharger_displacement_logistic_project\venv\lib\site-packages\httpx\_transports\default.py", line 101, in map_httpcore_exceptions
    yield
  File "C:\Users\Pedro\Desktop\EV_recharger_displacement_logistic_project\venv\lib\site-packages\httpx\_transports\default.py", line 250, in handle_request
    resp = self._pool.handle_request(req)
  File "C:\Users\Pedro\Desktop\EV_recharger_displacement_logistic_project\venv\lib\site-packages\httpcore\_sync\connection_pool.py", line 256, in handle_request
    raise exc from None
  File "C:\Users\Pedro\Desktop\EV_recharger_displacement_logistic_project\venv\lib\site-packages\httpcore\_sync\connection_pool.py", line 236, in handle_request
    response = connection.handle_request(
  File "C:\Users\Pedro\Desktop\EV_recharger_displacement_logistic_project\venv\lib\site-packages\httpcore\_sync\connection.py", line 103, in handle_request
    return self._connection.handle_request(request)
  File "C:\Users\Pedro\Desktop\EV_recharger_displacement_logistic_project\venv\lib\site-packages\httpcore\_sync\http11.py", line 136, in handle_request
    raise exc
  File "C:\Users\Pedro\Desktop\EV_recharger_displacement_logistic_project\venv\lib\site-packages\httpcore\_sync\http11.py", line 106, in handle_request
    ) = self._receive_response_headers(**kwargs)
  File "C:\Users\Pedro\Desktop\EV_recharger_displacement_logistic_project\venv\lib\site-packages\httpcore\_sync\http11.py", line 177, in _receive_response_headers
    event = self._receive_event(timeout=timeout)
  File "C:\Users\Pedro\Desktop\EV_recharger_displacement_logistic_project\venv\lib\site-packages\httpcore\_sync\http11.py", line 231, in _receive_event
    raise RemoteProtocolError(msg)
httpcore.RemoteProtocolError: Server disconnected without sending a response.

The above exception was the direct cause of the following exception:

Traceback (most recent call last):
  File "C:\Users\Pedro\Desktop\EV_recharger_displacement_logistic_project\main.py", line 201, in main
    handler(args)
  File "C:\Users\Pedro\Desktop\EV_recharger_displacement_logistic_project\main.py", line 44, in cmd_ingest_tupi
    ingester.run_enrich(delay=args.delay)
  File "C:\Users\Pedro\Desktop\EV_recharger_displacement_logistic_project\ingest\tupi.py", line 122, in run_enrich
    detail = self.fetch_station_detail(sid)
  File "C:\Users\Pedro\Desktop\EV_recharger_displacement_logistic_project\ingest\tupi.py", line 50, in fetch_station_detail
    resp = self.client.get(f"/station/{station_id}")
  File "C:\Users\Pedro\Desktop\EV_recharger_displacement_logistic_project\venv\lib\site-packages\httpx\_client.py", line 1053, in get
    return self.request(
  File "C:\Users\Pedro\Desktop\EV_recharger_displacement_logistic_project\venv\lib\site-packages\httpx\_client.py", line 825, in request
    return self.send(request, auth=auth, follow_redirects=follow_redirects)
  File "C:\Users\Pedro\Desktop\EV_recharger_displacement_logistic_project\venv\lib\site-packages\httpx\_client.py", line 914, in send
    response = self._send_handling_auth(
  File "C:\Users\Pedro\Desktop\EV_recharger_displacement_logistic_project\venv\lib\site-packages\httpx\_client.py", line 942, in _send_handling_auth
    response = self._send_handling_redirects(
  File "C:\Users\Pedro\Desktop\EV_recharger_displacement_logistic_project\venv\lib\site-packages\httpx\_client.py", line 979, in _send_handling_redirects
    response = self._send_single_request(request)
  File "C:\Users\Pedro\Desktop\EV_recharger_displacement_logistic_project\venv\lib\site-packages\httpx\_client.py", line 1014, in _send_single_request
    response = transport.handle_request(request)
  File "C:\Users\Pedro\Desktop\EV_recharger_displacement_logistic_project\venv\lib\site-packages\httpx\_transports\default.py", line 249, in handle_request
    with map_httpcore_exceptions():
  File "C:\Users\Pedro\AppData\Local\Programs\Python\Python310\lib\contextlib.py", line 153, in __exit__
    self.gen.throw(typ, value, traceback)
  File "C:\Users\Pedro\Desktop\EV_recharger_displacement_logistic_project\venv\lib\site-packages\httpx\_transports\default.py", line 118, in map_httpcore_exceptions
    raise mapped_exc(message) from exc
httpx.RemoteProtocolError: Server disconnected without sending a response.
2026-04-04T19:40:10 | INFO     | ingest.tupi | Tupi enrich: fetching station list
2026-04-04T19:40:13 | INFO     | httpx | HTTP Request: GET https://api.tupinambaenergia.com.br/stationsShortVersion?plugTypes=%5B%22Tipo+2%22%2C+%22CCS+2%22%2C+%22CHAdeMO%22%5D&fast=false&searchText= "HTTP/1.1 200 OK"
2026-04-04T19:40:13 | INFO     | ingest.tupi | Tupi enrich: 2093 stations found
2026-04-04T19:40:14 | INFO     | httpx | HTTP Request: GET https://api.tupinambaenergia.com.br/station/60801e0091daf254c647e46c "HTTP/1.1 200 OK"
2026-04-04T19:40:16 | INFO     | httpx | HTTP Request: GET https://api.tupinambaenergia.com.br/station/6257759ff6e87b02c955d2b0 "HTTP/1.1 200 OK"
2026-04-04T19:40:17 | INFO     | httpx | HTTP Request: GET https://api.tupinambaenergia.com.br/station/6291244301034f32ae699bf8 "HTTP/1.1 200 OK"
2026-04-04T19:40:17 | INFO     | httpx | HTTP Request: GET https://api.tupinambaenergia.com.br/station/629511c2522b8b29ab661d0b "HTTP/1.1 200 OK"
2026-04-04T19:40:18 | INFO     | httpx | HTTP Request: GET https://api.tupinambaenergia.com.br/station/62c424675b50546d39af92e7 "HTTP/1.1 200 OK"
2026-04-04T19:40:19 | INFO     | httpx | HTTP Request: GET https://api.tupinambaenergia.com.br/station/62c424ef5b50546d39afa6ea "HTTP/1.1 200 OK"
2026-04-04T19:40:19 | INFO     | httpx | HTTP Request: GET https://api.tupinambaenergia.com.br/station/62c426e55b50546d39aff221 "HTTP/1.1 200 OK"
2026-04-04T19:40:20 | INFO     | httpx | HTTP Request: GET https://api.tupinambaenergia.com.br/station/630f5f63799d8e6c4870ce3d "HTTP/1.1 200 OK"
2026-04-04T19:40:20 | INFO     | httpx | HTTP Request: GET https://api.tupinambaenergia.com.br/station/630f5fdc799d8e6c4870e3f0 "HTTP/1.1 200 OK"
2026-04-04T19:40:21 | INFO     | httpx | HTTP Request: GET https://api.tupinambaenergia.com.br/station/631b58549a461d048342a1d2 "HTTP/1.1 200 OK"
2026-04-04T19:40:22 | INFO     | httpx | HTTP Request: GET https://api.tupinambaenergia.com.br/station/631b59b29a461d048342ea31 "HTTP/1.1 200 OK"
2026-04-04T19:40:22 | INFO     | httpx | HTTP Request: GET https://api.tupinambaenergia.com.br/station/6111815a645c245c3fb03ee4 "HTTP/1.1 200 OK"
2026-04-04T19:40:23 | INFO     | httpx | HTTP Request: GET https://api.tupinambaenergia.com.br/station/612b605b63812205431c3e91 "HTTP/1.1 200 OK"
2026-04-04T19:40:24 | INFO     | httpx | HTTP Request: GET https://api.tupinambaenergia.com.br/station/613111b7c0cf803c9b90622b "HTTP/1.1 200 OK"
2026-04-04T19:40:24 | INFO     | httpx | HTTP Request: GET https://api.tupinambaenergia.com.br/station/613111efc0cf803c9b90777e "HTTP/1.1 200 OK"
2026-04-04T19:40:25 | INFO     | httpx | HTTP Request: GET https://api.tupinambaenergia.com.br/station/6132a15fe445af10a174df3e "HTTP/1.1 200 OK"
2026-04-04T19:40:25 | INFO     | httpx | HTTP Request: GET https://api.tupinambaenergia.com.br/station/61333e95e445af10a19168c4 "HTTP/1.1 200 OK"
2026-04-04T19:40:26 | INFO     | httpx | HTTP Request: GET https://api.tupinambaenergia.com.br/station/61333f5fe445af10a191956b "HTTP/1.1 200 OK"
2026-04-04T19:40:27 | INFO     | httpx | HTTP Request: GET https://api.tupinambaenergia.com.br/station/61334000e445af10a191bbae "HTTP/1.1 200 OK"
2026-04-04T19:40:27 | INFO     | httpx | HTTP Request: GET https://api.tupinambaenergia.com.br/station/614ccd0955fe750ac2e1c06b "HTTP/1.1 200 OK"
2026-04-04T19:40:28 | INFO     | httpx | HTTP Request: GET https://api.tupinambaenergia.com.br/station/615482e555fe750ac29a17bc "HTTP/1.1 200 OK"
2026-04-04T19:40:28 | INFO     | httpx | HTTP Request: GET https://api.tupinambaenergia.com.br/station/617f257f7f31a55db1c330e4 "HTTP/1.1 200 OK"
2026-04-04T19:40:29 | INFO     | httpx | HTTP Request: GET https://api.tupinambaenergia.com.br/station/618b033e9cf248533e844d94 "HTTP/1.1 200 OK"
2026-04-04T19:40:30 | INFO     | httpx | HTTP Request: GET https://api.tupinambaenergia.com.br/station/618b038e9cf248533e845a18 "HTTP/1.1 200 OK"
2026-04-04T19:40:30 | INFO     | httpx | HTTP Request: GET https://api.tupinambaenergia.com.br/station/618c6eeb92f94f0707158e7d "HTTP/1.1 200 OK"
2026-04-04T19:40:31 | INFO     | httpx | HTTP Request: GET https://api.tupinambaenergia.com.br/station/61fada2b57f6c34e4da61ccf "HTTP/1.1 200 OK"
2026-04-04T19:40:31 | INFO     | httpx | HTTP Request: GET https://api.tupinambaenergia.com.br/station/6257409af6e87b02c9451a51 "HTTP/1.1 200 OK"
2026-04-04T19:40:32 | INFO     | httpx | HTTP Request: GET https://api.tupinambaenergia.com.br/station/6350254ef565e27a2759fb84 "HTTP/1.1 200 OK"
2026-04-04T19:40:33 | INFO     | httpx | HTTP Request: GET https://api.tupinambaenergia.com.br/station/6356ae81f565e27a27c762be "HTTP/1.1 200 OK"
2026-04-04T19:40:33 | INFO     | httpx | HTTP Request: GET https://api.tupinambaenergia.com.br/station/63616238adc67964131862c9 "HTTP/1.1 200 OK"
2026-04-04T19:40:34 | INFO     | httpx | HTTP Request: GET https://api.tupinambaenergia.com.br/station/636c04359cfb8e7a0d2e4b53 "HTTP/1.1 200 OK"
2026-04-04T19:40:35 | INFO     | httpx | HTTP Request: GET https://api.tupinambaenergia.com.br/station/636c05da9cfb8e7a0d2ead05 "HTTP/1.1 200 OK"
2026-04-04T19:40:35 | INFO     | httpx | HTTP Request: GET https://api.tupinambaenergia.com.br/station/637bca109c620356f13e8794 "HTTP/1.1 200 OK"
2026-04-04T19:40:36 | INFO     | httpx | HTTP Request: GET https://api.tupinambaenergia.com.br/station/637bcabe9c620356f13eb159 "HTTP/1.1 200 OK"
2026-04-04T19:40:37 | INFO     | httpx | HTTP Request: GET https://api.tupinambaenergia.com.br/station/637f67dd7f51a371d59c16bc "HTTP/1.1 200 OK"
2026-04-04T19:40:37 | INFO     | httpx | HTTP Request: GET https://api.tupinambaenergia.com.br/station/6388abeff5370501b76444da "HTTP/1.1 200 OK"
2026-04-04T19:40:38 | INFO     | httpx | HTTP Request: GET https://api.tupinambaenergia.com.br/station/638e2c1e8247003889ace68c "HTTP/1.1 200 OK"
2026-04-04T19:40:39 | INFO     | httpx | HTTP Request: GET https://api.tupinambaenergia.com.br/station/639871b34e295b0c9bbdbad3 "HTTP/1.1 200 OK"
2026-04-04T19:40:39 | INFO     | httpx | HTTP Request: GET https://api.tupinambaenergia.com.br/station/6398cb0bbce3f35b0134534f "HTTP/1.1 200 OK"
2026-04-04T19:40:40 | INFO     | httpx | HTTP Request: GET https://api.tupinambaenergia.com.br/station/6398cc02bce3f35b01349719 "HTTP/1.1 200 OK"
2026-04-04T19:40:40 | INFO     | httpx | HTTP Request: GET https://api.tupinambaenergia.com.br/station/63a06094e72085338cbbdd8a "HTTP/1.1 200 OK"
2026-04-04T19:40:41 | INFO     | httpx | HTTP Request: GET https://api.tupinambaenergia.com.br/station/63a1f6c4cb17c8156bf7d33c "HTTP/1.1 200 OK"
2026-04-04T19:40:42 | INFO     | httpx | HTTP Request: GET https://api.tupinambaenergia.com.br/station/63a1f729cb17c8156bf7f654 "HTTP/1.1 200 OK"
2026-04-04T19:40:42 | INFO     | httpx | HTTP Request: GET https://api.tupinambaenergia.com.br/station/63b57ff1eb909267792bf9f5 "HTTP/1.1 200 OK"
2026-04-04T19:40:43 | INFO     | httpx | HTTP Request: GET https://api.tupinambaenergia.com.br/station/63c162f2bd5a197398cabb91 "HTTP/1.1 200 OK"
2026-04-04T19:40:44 | INFO     | httpx | HTTP Request: GET https://api.tupinambaenergia.com.br/station/63cef214b125ff391972e594 "HTTP/1.1 200 OK"
2026-04-04T19:40:45 | INFO     | httpx | HTTP Request: GET https://api.tupinambaenergia.com.br/station/63d7cae2b4cfbf092cc20409 "HTTP/1.1 200 OK"
2026-04-04T19:40:45 | INFO     | httpx | HTTP Request: GET https://api.tupinambaenergia.com.br/station/63d7cd93b4cfbf092cc373f4 "HTTP/1.1 200 OK"
2026-04-04T19:40:46 | INFO     | httpx | HTTP Request: GET https://api.tupinambaenergia.com.br/station/63dd041c74a71959c81cd673 "HTTP/1.1 200 OK"
2026-04-04T19:40:47 | INFO     | httpx | HTTP Request: GET https://api.tupinambaenergia.com.br/station/63e14f2c1d401b5570bf2d77 "HTTP/1.1 200 OK"
2026-04-04T19:40:47 | INFO     | httpx | HTTP Request: GET https://api.tupinambaenergia.com.br/station/63e14f841d401b5570bf5de6 "HTTP/1.1 200 OK"
2026-04-04T19:40:48 | INFO     | httpx | HTTP Request: GET https://api.tupinambaenergia.com.br/station/64079ed56bdc970ac46ea2b4 "HTTP/1.1 200 OK"
2026-04-04T19:40:48 | INFO     | httpx | HTTP Request: GET https://api.tupinambaenergia.com.br/station/640a180e2cc1091c6cd73a37 "HTTP/1.1 200 OK"
2026-04-04T19:40:49 | INFO     | httpx | HTTP Request: GET https://api.tupinambaenergia.com.br/station/640a19c42cc1091c6cd83807 "HTTP/1.1 200 OK"
2026-04-04T19:40:50 | INFO     | httpx | HTTP Request: GET https://api.tupinambaenergia.com.br/station/640a35a32cc1091c6ce81d06 "HTTP/1.1 200 OK"
2026-04-04T19:40:50 | INFO     | httpx | HTTP Request: GET https://api.tupinambaenergia.com.br/station/6424982b3f62b239d763cc9c "HTTP/1.1 200 OK"
2026-04-04T19:40:51 | INFO     | httpx | HTTP Request: GET https://api.tupinambaenergia.com.br/station/6439b763c943f132415afb81 "HTTP/1.1 200 OK"
2026-04-04T19:40:51 | INFO     | httpx | HTTP Request: GET https://api.tupinambaenergia.com.br/station/646541b725945315b333efea "HTTP/1.1 200 OK"
2026-04-04T19:40:52 | INFO     | httpx | HTTP Request: GET https://api.tupinambaenergia.com.br/station/646cc33625945315b311bd1d "HTTP/1.1 200 OK"
2026-04-04T19:40:53 | INFO     | httpx | HTTP Request: GET https://api.tupinambaenergia.com.br/station/649b1a5961355275968000aa "HTTP/1.1 200 OK"
2026-04-04T19:40:53 | INFO     | httpx | HTTP Request: GET https://api.tupinambaenergia.com.br/station/64b03f3798a38d4c814c97a1 "HTTP/1.1 200 OK"
2026-04-04T19:40:54 | INFO     | httpx | HTTP Request: GET https://api.tupinambaenergia.com.br/station/64cbc43ec049bf5758e8f3fd "HTTP/1.1 200 OK"
2026-04-04T19:40:54 | INFO     | httpx | HTTP Request: GET https://api.tupinambaenergia.com.br/station/64cbf494c049bf575809ac03 "HTTP/1.1 200 OK"
2026-04-04T19:40:55 | INFO     | httpx | HTTP Request: GET https://api.tupinambaenergia.com.br/station/64e3cfb4c873ba51c7c28968 "HTTP/1.1 200 OK"
2026-04-04T19:40:56 | INFO     | httpx | HTTP Request: GET https://api.tupinambaenergia.com.br/station/65038143b6ded6787a61560e "HTTP/1.1 200 OK"
2026-04-04T19:40:56 | INFO     | httpx | HTTP Request: GET https://api.tupinambaenergia.com.br/station/650d8802c9ec930a22a882d5 "HTTP/1.1 200 OK"
2026-04-04T19:40:57 | INFO     | httpx | HTTP Request: GET https://api.tupinambaenergia.com.br/station/65119a98c9ec930a227ec783 "HTTP/1.1 200 OK"
2026-04-04T19:40:58 | INFO     | httpx | HTTP Request: GET https://api.tupinambaenergia.com.br/station/651dd7f330f0d0151231d1c7 "HTTP/1.1 200 OK"
2026-04-04T19:40:58 | INFO     | httpx | HTTP Request: GET https://api.tupinambaenergia.com.br/station/6532eb160b44965732f50e18 "HTTP/1.1 200 OK"
2026-04-04T19:40:59 | INFO     | httpx | HTTP Request: GET https://api.tupinambaenergia.com.br/station/653970d2f0bce35cf17e7dfc "HTTP/1.1 200 OK"
2026-04-04T19:40:59 | INFO     | httpx | HTTP Request: GET https://api.tupinambaenergia.com.br/station/6539713ff0bce35cf17ed0f2 "HTTP/1.1 200 OK"
2026-04-04T19:41:00 | INFO     | httpx | HTTP Request: GET https://api.tupinambaenergia.com.br/station/65397327f0bce35cf1801e6c "HTTP/1.1 200 OK"
2026-04-04T19:41:01 | INFO     | httpx | HTTP Request: GET https://api.tupinambaenergia.com.br/station/6540f993f2ad8f629a4264d1 "HTTP/1.1 200 OK"
2026-04-04T19:41:01 | INFO     | httpx | HTTP Request: GET https://api.tupinambaenergia.com.br/station/6560a4fb6ef0594a235026f4 "HTTP/1.1 200 OK"
2026-04-04T19:41:02 | INFO     | httpx | HTTP Request: GET https://api.tupinambaenergia.com.br/station/6560a5dd6ef0594a2350cd68 "HTTP/1.1 200 OK"
2026-04-04T19:41:02 | INFO     | httpx | HTTP Request: GET https://api.tupinambaenergia.com.br/station/6560a7e76ef0594a2352514d "HTTP/1.1 200 OK"
2026-04-04T19:41:03 | INFO     | httpx | HTTP Request: GET https://api.tupinambaenergia.com.br/station/6560a9506ef0594a23535b61 "HTTP/1.1 200 OK"
2026-04-04T19:41:04 | INFO     | httpx | HTTP Request: GET https://api.tupinambaenergia.com.br/station/6560a9fd6ef0594a2353e04f "HTTP/1.1 200 OK"
2026-04-04T19:41:04 | INFO     | httpx | HTTP Request: GET https://api.tupinambaenergia.com.br/station/657b11c9416a363cd04bdc6a "HTTP/1.1 200 OK"
2026-04-04T19:41:05 | INFO     | httpx | HTTP Request: GET https://api.tupinambaenergia.com.br/station/657c9d39416a363cd07b50a0 "HTTP/1.1 200 OK"
2026-04-04T19:41:05 | INFO     | httpx | HTTP Request: GET https://api.tupinambaenergia.com.br/station/657cad69416a363cd087d21c "HTTP/1.1 200 OK"
2026-04-04T19:41:06 | INFO     | httpx | HTTP Request: GET https://api.tupinambaenergia.com.br/station/65a58f2526ce465a5da06f00 "HTTP/1.1 200 OK"
2026-04-04T19:41:07 | INFO     | httpx | HTTP Request: GET https://api.tupinambaenergia.com.br/station/65a7fb18740bb51bdc409c87 "HTTP/1.1 200 OK"
2026-04-04T19:41:07 | INFO     | httpx | HTTP Request: GET https://api.tupinambaenergia.com.br/station/65a952a4740bb51bdc4fb7c4 "HTTP/1.1 200 OK"
2026-04-04T19:41:08 | INFO     | httpx | HTTP Request: GET https://api.tupinambaenergia.com.br/station/65b16df90d78cf66f838c136 "HTTP/1.1 200 OK"
2026-04-04T19:41:08 | INFO     | httpx | HTTP Request: GET https://api.tupinambaenergia.com.br/station/65e09d10f2959700088157b9 "HTTP/1.1 200 OK"
2026-04-04T19:41:09 | INFO     | httpx | HTTP Request: GET https://api.tupinambaenergia.com.br/station/65e858125f2c760008fa2462 "HTTP/1.1 200 OK"
2026-04-04T19:41:10 | INFO     | httpx | HTTP Request: GET https://api.tupinambaenergia.com.br/station/65e9f631e4e13b0008494b62 "HTTP/1.1 200 OK"
2026-04-04T19:41:10 | INFO     | httpx | HTTP Request: GET https://api.tupinambaenergia.com.br/station/65ef54a28c75600009170bb6 "HTTP/1.1 200 OK"
2026-04-04T19:41:11 | INFO     | httpx | HTTP Request: GET https://api.tupinambaenergia.com.br/station/65ef72288c756000093087d7 "HTTP/1.1 200 OK"
2026-04-04T19:41:11 | INFO     | httpx | HTTP Request: GET https://api.tupinambaenergia.com.br/station/65f069ee8c7560000904a513 "HTTP/1.1 200 OK"
2026-04-04T19:41:12 | INFO     | httpx | HTTP Request: GET https://api.tupinambaenergia.com.br/station/65f08ce08c7560000922ce3f "HTTP/1.1 200 OK"
2026-04-04T19:41:13 | INFO     | httpx | HTTP Request: GET https://api.tupinambaenergia.com.br/station/65f092d28c7560000927f182 "HTTP/1.1 200 OK"
2026-04-04T19:41:14 | INFO     | httpx | HTTP Request: GET https://api.tupinambaenergia.com.br/station/65fdc6ad92026c0009315e97 "HTTP/1.1 200 OK"
2026-04-04T19:41:15 | INFO     | httpx | HTTP Request: GET https://api.tupinambaenergia.com.br/station/6601da9592026c0009e6ae6b "HTTP/1.1 200 OK"
2026-04-04T19:41:15 | INFO     | httpx | HTTP Request: GET https://api.tupinambaenergia.com.br/station/66042c31038f07000937c7fa "HTTP/1.1 200 OK"
2026-04-04T19:41:16 | INFO     | httpx | HTTP Request: GET https://api.tupinambaenergia.com.br/station/660451dc559d8200099d9ac0 "HTTP/1.1 200 OK"
2026-04-04T19:41:16 | INFO     | httpx | HTTP Request: GET https://api.tupinambaenergia.com.br/station/660576157db6340009baf22c "HTTP/1.1 200 OK"
2026-04-04T19:41:17 | INFO     | httpx | HTTP Request: GET https://api.tupinambaenergia.com.br/station/660578d77db6340009bcd85d "HTTP/1.1 200 OK"
2026-04-04T19:41:18 | INFO     | httpx | HTTP Request: GET https://api.tupinambaenergia.com.br/station/661e72f3890a1f00094a2ebc "HTTP/1.1 200 OK"
2026-04-04T19:41:18 | INFO     | ingest.tupi | Tupi enrich: processed 100 / 2093
2026-04-04T19:41:18 | INFO     | httpx | HTTP Request: GET https://api.tupinambaenergia.com.br/station/6630de1d1c5e380009b8ff76 "HTTP/1.1 200 OK"
2026-04-04T19:41:19 | INFO     | httpx | HTTP Request: GET https://api.tupinambaenergia.com.br/station/670546463352cc001e863524 "HTTP/1.1 200 OK"
2026-04-04T19:41:19 | INFO     | httpx | HTTP Request: GET https://api.tupinambaenergia.com.br/station/6705716f3352cc001e89834d "HTTP/1.1 200 OK"
2026-04-04T19:41:20 | INFO     | httpx | HTTP Request: GET https://api.tupinambaenergia.com.br/station/6705757d81b753001e1080b4 "HTTP/1.1 200 OK"
2026-04-04T19:41:21 | INFO     | httpx | HTTP Request: GET https://api.tupinambaenergia.com.br/station/67100473439471001e96740f "HTTP/1.1 200 OK"
2026-04-04T19:41:21 | INFO     | httpx | HTTP Request: GET https://api.tupinambaenergia.com.br/station/65a9511a740bb51bdc4e7a1d "HTTP/1.1 200 OK"
2026-04-04T19:41:22 | INFO     | httpx | HTTP Request: GET https://api.tupinambaenergia.com.br/station/65afb77b740bb51bdc6db11b "HTTP/1.1 200 OK"
2026-04-04T19:41:22 | INFO     | httpx | HTTP Request: GET https://api.tupinambaenergia.com.br/station/65bbb80bc9c84a00087239d8 "HTTP/1.1 200 OK"
2026-04-04T19:41:23 | INFO     | httpx | HTTP Request: GET https://api.tupinambaenergia.com.br/station/65c278e4d19d470008fe3798 "HTTP/1.1 200 OK"
2026-04-04T19:41:24 | INFO     | httpx | HTTP Request: GET https://api.tupinambaenergia.com.br/station/65e20731597bfc0008260f35 "HTTP/1.1 200 OK"
2026-04-04T19:41:24 | INFO     | httpx | HTTP Request: GET https://api.tupinambaenergia.com.br/station/65e8a5c65f2c7600083d1f2c "HTTP/1.1 200 OK"
2026-04-04T19:41:25 | INFO     | httpx | HTTP Request: GET https://api.tupinambaenergia.com.br/station/65e9f5c2e4e13b000848eee4 "HTTP/1.1 200 OK"
2026-04-04T19:41:25 | INFO     | httpx | HTTP Request: GET https://api.tupinambaenergia.com.br/station/65eb532ce1fd310008d04e9e "HTTP/1.1 200 OK"
2026-04-04T19:41:26 | INFO     | httpx | HTTP Request: GET https://api.tupinambaenergia.com.br/station/65ef51ad8c75600009147f64 "HTTP/1.1 200 OK"
2026-04-04T19:41:27 | INFO     | httpx | HTTP Request: GET https://api.tupinambaenergia.com.br/station/65ef58758c756000091a5780 "HTTP/1.1 200 OK"
2026-04-04T19:41:27 | INFO     | httpx | HTTP Request: GET https://api.tupinambaenergia.com.br/station/65f064468c75600009ffc47c "HTTP/1.1 200 OK"
2026-04-04T19:41:28 | INFO     | httpx | HTTP Request: GET https://api.tupinambaenergia.com.br/station/65f06fb78c7560000909adc9 "HTTP/1.1 200 OK"
2026-04-04T19:41:28 | INFO     | httpx | HTTP Request: GET https://api.tupinambaenergia.com.br/station/65f0919a8c7560000926e428 "HTTP/1.1 200 OK"
2026-04-04T19:41:29 | INFO     | httpx | HTTP Request: GET https://api.tupinambaenergia.com.br/station/65f0aadc8c756000093cc5f4 "HTTP/1.1 200 OK"
2026-04-04T19:41:30 | INFO     | httpx | HTTP Request: GET https://api.tupinambaenergia.com.br/station/65f1e83f8c756000094d930d "HTTP/1.1 200 OK"
2026-04-04T19:41:30 | INFO     | httpx | HTTP Request: GET https://api.tupinambaenergia.com.br/station/66015693038f070009cbadd1 "HTTP/1.1 200 OK"
2026-04-04T19:41:31 | INFO     | httpx | HTTP Request: GET https://api.tupinambaenergia.com.br/station/66042bb792026c0009211e88 "HTTP/1.1 200 OK"
2026-04-04T19:41:32 | INFO     | httpx | HTTP Request: GET https://api.tupinambaenergia.com.br/station/6604318b038f0700093b02ba "HTTP/1.1 200 OK"
2026-04-04T19:41:32 | INFO     | httpx | HTTP Request: GET https://api.tupinambaenergia.com.br/station/66045031559d8200099c738e "HTTP/1.1 200 OK"
2026-04-04T19:41:33 | INFO     | httpx | HTTP Request: GET https://api.tupinambaenergia.com.br/station/66046284559d820009a8f73f "HTTP/1.1 200 OK"
2026-04-04T19:41:33 | INFO     | httpx | HTTP Request: GET https://api.tupinambaenergia.com.br/station/660576d67db6340009bb7968 "HTTP/1.1 200 OK"
2026-04-04T19:41:34 | INFO     | httpx | HTTP Request: GET https://api.tupinambaenergia.com.br/station/66213ba5edb2c200099c0b0f "HTTP/1.1 200 OK"
2026-04-04T19:41:35 | INFO     | httpx | HTTP Request: GET https://api.tupinambaenergia.com.br/station/66291edc0e77570009a8e7a1 "HTTP/1.1 200 OK"
2026-04-04T19:41:36 | INFO     | httpx | HTTP Request: GET https://api.tupinambaenergia.com.br/station/6630dd949865210009c8658e "HTTP/1.1 200 OK"
2026-04-04T19:41:36 | INFO     | httpx | HTTP Request: GET https://api.tupinambaenergia.com.br/station/6630de941c5e380009b90a3b "HTTP/1.1 200 OK"
2026-04-04T19:41:37 | INFO     | httpx | HTTP Request: GET https://api.tupinambaenergia.com.br/station/664653845987540021877473 "HTTP/1.1 200 OK"
2026-04-04T19:41:38 | INFO     | httpx | HTTP Request: GET https://api.tupinambaenergia.com.br/station/664e04049cdfda00210337c0 "HTTP/1.1 200 OK"
2026-04-04T19:41:38 | INFO     | httpx | HTTP Request: GET https://api.tupinambaenergia.com.br/station/664e5f52b8c1e00021b0c395 "HTTP/1.1 200 OK"
2026-04-04T19:41:39 | INFO     | httpx | HTTP Request: GET https://api.tupinambaenergia.com.br/station/6650ee653df29800218773fb "HTTP/1.1 200 OK"
2026-04-04T19:41:39 | INFO     | httpx | HTTP Request: GET https://api.tupinambaenergia.com.br/station/665494f11844ec0021b7f54f "HTTP/1.1 200 OK"
2026-04-04T19:41:40 | INFO     | httpx | HTTP Request: GET https://api.tupinambaenergia.com.br/station/665e1d214c523f0021c09744 "HTTP/1.1 200 OK"
2026-04-04T19:41:41 | INFO     | httpx | HTTP Request: GET https://api.tupinambaenergia.com.br/station/66634159b5f7030021b33284 "HTTP/1.1 200 OK"
2026-04-04T19:41:41 | INFO     | httpx | HTTP Request: GET https://api.tupinambaenergia.com.br/station/6669b5d76aec64002128c383 "HTTP/1.1 200 OK"
2026-04-04T19:41:42 | INFO     | httpx | HTTP Request: GET https://api.tupinambaenergia.com.br/station/6669b6ce50cdd70021e550d9 "HTTP/1.1 200 OK"
2026-04-04T19:41:43 | INFO     | httpx | HTTP Request: GET https://api.tupinambaenergia.com.br/station/6671c0ad6ce3c000217df01c "HTTP/1.1 200 OK"
2026-04-04T19:41:44 | INFO     | httpx | HTTP Request: GET https://api.tupinambaenergia.com.br/station/667436a24c46140021d9b6d0 "HTTP/1.1 200 OK"
2026-04-04T19:41:44 | INFO     | httpx | HTTP Request: GET https://api.tupinambaenergia.com.br/station/667c4df7bf73630021c348d5 "HTTP/1.1 200 OK"
2026-04-04T19:41:45 | INFO     | httpx | HTTP Request: GET https://api.tupinambaenergia.com.br/station/66831f71abd88200210a7c76 "HTTP/1.1 200 OK"
2026-04-04T19:41:46 | INFO     | httpx | HTTP Request: GET https://api.tupinambaenergia.com.br/station/66993b8ee10a3b00220e3b08 "HTTP/1.1 200 OK"
2026-04-04T19:41:46 | INFO     | httpx | HTTP Request: GET https://api.tupinambaenergia.com.br/station/66a1416297c0620022973179 "HTTP/1.1 200 OK"
2026-04-04T19:41:47 | INFO     | httpx | HTTP Request: GET https://api.tupinambaenergia.com.br/station/66a287fc6d845200213dba70 "HTTP/1.1 200 OK"
2026-04-04T19:41:47 | INFO     | httpx | HTTP Request: GET https://api.tupinambaenergia.com.br/station/66a29a80d50bc900217bf79f "HTTP/1.1 200 OK"
2026-04-04T19:41:48 | INFO     | httpx | HTTP Request: GET https://api.tupinambaenergia.com.br/station/66a96ca157208b0022cde557 "HTTP/1.1 200 OK"
2026-04-04T19:41:49 | INFO     | httpx | HTTP Request: GET https://api.tupinambaenergia.com.br/station/66a96cd2ea14b300212f445c "HTTP/1.1 200 OK"
2026-04-04T19:41:49 | INFO     | httpx | HTTP Request: GET https://api.tupinambaenergia.com.br/station/66a96d3dea14b300212f5f73 "HTTP/1.1 200 OK"
2026-04-04T19:41:50 | INFO     | httpx | HTTP Request: GET https://api.tupinambaenergia.com.br/station/66a96d5dea14b300212f5fdf "HTTP/1.1 200 OK"
2026-04-04T19:41:50 | INFO     | httpx | HTTP Request: GET https://api.tupinambaenergia.com.br/station/66a96dceea14b300212f7c02 "HTTP/1.1 200 OK"
2026-04-04T19:41:51 | INFO     | httpx | HTTP Request: GET https://api.tupinambaenergia.com.br/station/66a96df3ea14b300212f895f "HTTP/1.1 200 OK"
2026-04-04T19:41:52 | INFO     | httpx | HTTP Request: GET https://api.tupinambaenergia.com.br/station/66aa859cb681c10021608b71 "HTTP/1.1 200 OK"
2026-04-04T19:41:52 | INFO     | httpx | HTTP Request: GET https://api.tupinambaenergia.com.br/station/66aa8bd408f66600216b642f "HTTP/1.1 200 OK"
2026-04-04T19:41:56 | INFO     | ingest.tupi | Tupi poll: starting (interval=300s)
2026-04-04T19:41:59 | INFO     | httpx | HTTP Request: GET https://api.tupinambaenergia.com.br/stationsShortVersion?plugTypes=%5B%22Tipo+2%22%2C+%22CCS+2%22%2C+%22CHAdeMO%22%5D&fast=false&searchText= "HTTP/1.1 200 OK"
2026-04-04T19:42:00 | INFO     | ingest.tupi | Tupi poll: inserted 2035 snapshots
2026-04-04T19:47:03 | INFO     | httpx | HTTP Request: GET https://api.tupinambaenergia.com.br/stationsShortVersion?plugTypes=%5B%22Tipo+2%22%2C+%22CCS+2%22%2C+%22CHAdeMO%22%5D&fast=false&searchText= "HTTP/1.1 200 OK"
2026-04-04T19:47:04 | INFO     | ingest.tupi | Tupi poll: inserted 2035 snapshots
2026-04-04T19:52:08 | INFO     | httpx | HTTP Request: GET https://api.tupinambaenergia.com.br/stationsShortVersion?plugTypes=%5B%22Tipo+2%22%2C+%22CCS+2%22%2C+%22CHAdeMO%22%5D&fast=false&searchText= "HTTP/1.1 200 OK"
2026-04-04T19:52:08 | INFO     | ingest.tupi | Tupi poll: inserted 2035 snapshots
2026-04-04T19:57:12 | INFO     | httpx | HTTP Request: GET https://api.tupinambaenergia.com.br/stationsShortVersion?plugTypes=%5B%22Tipo+2%22%2C+%22CCS+2%22%2C+%22CHAdeMO%22%5D&fast=false&searchText= "HTTP/1.1 200 OK"
2026-04-04T19:57:12 | INFO     | ingest.tupi | Tupi poll: inserted 2035 snapshots
2026-04-04T20:02:15 | INFO     | httpx | HTTP Request: GET https://api.tupinambaenergia.com.br/stationsShortVersion?plugTypes=%5B%22Tipo+2%22%2C+%22CCS+2%22%2C+%22CHAdeMO%22%5D&fast=false&searchText= "HTTP/1.1 200 OK"
2026-04-04T20:02:16 | INFO     | ingest.tupi | Tupi poll: inserted 2035 snapshots
2026-04-04T20:07:20 | INFO     | httpx | HTTP Request: GET https://api.tupinambaenergia.com.br/stationsShortVersion?plugTypes=%5B%22Tipo+2%22%2C+%22CCS+2%22%2C+%22CHAdeMO%22%5D&fast=false&searchText= "HTTP/1.1 200 OK"
2026-04-04T20:07:20 | INFO     | ingest.tupi | Tupi poll: inserted 2035 snapshots
2026-04-04T20:12:24 | INFO     | httpx | HTTP Request: GET https://api.tupinambaenergia.com.br/stationsShortVersion?plugTypes=%5B%22Tipo+2%22%2C+%22CCS+2%22%2C+%22CHAdeMO%22%5D&fast=false&searchText= "HTTP/1.1 200 OK"
2026-04-04T20:12:25 | INFO     | ingest.tupi | Tupi poll: inserted 2035 snapshots
2026-04-04T20:17:29 | INFO     | httpx | HTTP Request: GET https://api.tupinambaenergia.com.br/stationsShortVersion?plugTypes=%5B%22Tipo+2%22%2C+%22CCS+2%22%2C+%22CHAdeMO%22%5D&fast=false&searchText= "HTTP/1.1 200 OK"
2026-04-04T20:17:29 | INFO     | ingest.tupi | Tupi poll: inserted 2035 snapshots
2026-04-04T20:22:34 | INFO     | httpx | HTTP Request: GET https://api.tupinambaenergia.com.br/stationsShortVersion?plugTypes=%5B%22Tipo+2%22%2C+%22CCS+2%22%2C+%22CHAdeMO%22%5D&fast=false&searchText= "HTTP/1.1 200 OK"
2026-04-04T20:22:35 | INFO     | ingest.tupi | Tupi poll: inserted 2035 snapshots
2026-04-04T20:27:39 | INFO     | httpx | HTTP Request: GET https://api.tupinambaenergia.com.br/stationsShortVersion?plugTypes=%5B%22Tipo+2%22%2C+%22CCS+2%22%2C+%22CHAdeMO%22%5D&fast=false&searchText= "HTTP/1.1 200 OK"
2026-04-04T20:27:39 | INFO     | ingest.tupi | Tupi poll: inserted 2035 snapshots
2026-04-04T20:32:44 | INFO     | httpx | HTTP Request: GET https://api.tupinambaenergia.com.br/stationsShortVersion?plugTypes=%5B%22Tipo+2%22%2C+%22CCS+2%22%2C+%22CHAdeMO%22%5D&fast=false&searchText= "HTTP/1.1 200 OK"
2026-04-04T20:32:45 | INFO     | ingest.tupi | Tupi poll: inserted 2035 snapshots
2026-04-04T20:37:50 | INFO     | httpx | HTTP Request: GET https://api.tupinambaenergia.com.br/stationsShortVersion?plugTypes=%5B%22Tipo+2%22%2C+%22CCS+2%22%2C+%22CHAdeMO%22%5D&fast=false&searchText= "HTTP/1.1 200 OK"
2026-04-04T20:37:50 | INFO     | ingest.tupi | Tupi poll: inserted 2035 snapshots
2026-04-04T20:42:54 | INFO     | httpx | HTTP Request: GET https://api.tupinambaenergia.com.br/stationsShortVersion?plugTypes=%5B%22Tipo+2%22%2C+%22CCS+2%22%2C+%22CHAdeMO%22%5D&fast=false&searchText= "HTTP/1.1 200 OK"
2026-04-04T20:42:54 | INFO     | ingest.tupi | Tupi poll: inserted 2035 snapshots
2026-04-04T20:47:57 | INFO     | httpx | HTTP Request: GET https://api.tupinambaenergia.com.br/stationsShortVersion?plugTypes=%5B%22Tipo+2%22%2C+%22CCS+2%22%2C+%22CHAdeMO%22%5D&fast=false&searchText= "HTTP/1.1 200 OK"
2026-04-04T20:47:58 | INFO     | ingest.tupi | Tupi poll: inserted 2035 snapshots
2026-04-04T20:53:02 | INFO     | httpx | HTTP Request: GET https://api.tupinambaenergia.com.br/stationsShortVersion?plugTypes=%5B%22Tipo+2%22%2C+%22CCS+2%22%2C+%22CHAdeMO%22%5D&fast=false&searchText= "HTTP/1.1 200 OK"
2026-04-04T20:53:03 | INFO     | ingest.tupi | Tupi poll: inserted 2035 snapshots
2026-04-04T20:58:07 | INFO     | httpx | HTTP Request: GET https://api.tupinambaenergia.com.br/stationsShortVersion?plugTypes=%5B%22Tipo+2%22%2C+%22CCS+2%22%2C+%22CHAdeMO%22%5D&fast=false&searchText= "HTTP/1.1 200 OK"
2026-04-04T20:58:08 | INFO     | ingest.tupi | Tupi poll: inserted 2035 snapshots
2026-04-04T21:03:11 | INFO     | httpx | HTTP Request: GET https://api.tupinambaenergia.com.br/stationsShortVersion?plugTypes=%5B%22Tipo+2%22%2C+%22CCS+2%22%2C+%22CHAdeMO%22%5D&fast=false&searchText= "HTTP/1.1 200 OK"
2026-04-04T21:03:12 | INFO     | ingest.tupi | Tupi poll: inserted 2035 snapshots
2026-04-04T21:08:16 | INFO     | httpx | HTTP Request: GET https://api.tupinambaenergia.com.br/stationsShortVersion?plugTypes=%5B%22Tipo+2%22%2C+%22CCS+2%22%2C+%22CHAdeMO%22%5D&fast=false&searchText= "HTTP/1.1 200 OK"
2026-04-04T21:08:16 | INFO     | ingest.tupi | Tupi poll: inserted 2035 snapshots
2026-04-04T21:13:19 | INFO     | httpx | HTTP Request: GET https://api.tupinambaenergia.com.br/stationsShortVersion?plugTypes=%5B%22Tipo+2%22%2C+%22CCS+2%22%2C+%22CHAdeMO%22%5D&fast=false&searchText= "HTTP/1.1 200 OK"
2026-04-04T21:13:20 | INFO     | ingest.tupi | Tupi poll: inserted 2035 snapshots
2026-04-04T21:18:24 | INFO     | httpx | HTTP Request: GET https://api.tupinambaenergia.com.br/stationsShortVersion?plugTypes=%5B%22Tipo+2%22%2C+%22CCS+2%22%2C+%22CHAdeMO%22%5D&fast=false&searchText= "HTTP/1.1 200 OK"
2026-04-04T21:18:24 | INFO     | ingest.tupi | Tupi poll: inserted 2035 snapshots
2026-04-04T21:23:27 | INFO     | httpx | HTTP Request: GET https://api.tupinambaenergia.com.br/stationsShortVersion?plugTypes=%5B%22Tipo+2%22%2C+%22CCS+2%22%2C+%22CHAdeMO%22%5D&fast=false&searchText= "HTTP/1.1 200 OK"
2026-04-04T21:23:28 | INFO     | ingest.tupi | Tupi poll: inserted 2035 snapshots
2026-04-04T21:28:31 | INFO     | httpx | HTTP Request: GET https://api.tupinambaenergia.com.br/stationsShortVersion?plugTypes=%5B%22Tipo+2%22%2C+%22CCS+2%22%2C+%22CHAdeMO%22%5D&fast=false&searchText= "HTTP/1.1 200 OK"
2026-04-04T21:28:32 | INFO     | ingest.tupi | Tupi poll: inserted 2035 snapshots
2026-04-04T21:33:36 | INFO     | httpx | HTTP Request: GET https://api.tupinambaenergia.com.br/stationsShortVersion?plugTypes=%5B%22Tipo+2%22%2C+%22CCS+2%22%2C+%22CHAdeMO%22%5D&fast=false&searchText= "HTTP/1.1 200 OK"
2026-04-04T21:33:36 | INFO     | ingest.tupi | Tupi poll: inserted 2035 snapshots
2026-04-04T21:38:41 | INFO     | httpx | HTTP Request: GET https://api.tupinambaenergia.com.br/stationsShortVersion?plugTypes=%5B%22Tipo+2%22%2C+%22CCS+2%22%2C+%22CHAdeMO%22%5D&fast=false&searchText= "HTTP/1.1 200 OK"
2026-04-04T21:38:42 | INFO     | ingest.tupi | Tupi poll: inserted 2035 snapshots
2026-04-04T21:43:45 | INFO     | httpx | HTTP Request: GET https://api.tupinambaenergia.com.br/stationsShortVersion?plugTypes=%5B%22Tipo+2%22%2C+%22CCS+2%22%2C+%22CHAdeMO%22%5D&fast=false&searchText= "HTTP/1.1 200 OK"
2026-04-04T21:43:46 | INFO     | ingest.tupi | Tupi poll: inserted 2035 snapshots
2026-04-04T21:48:49 | INFO     | httpx | HTTP Request: GET https://api.tupinambaenergia.com.br/stationsShortVersion?plugTypes=%5B%22Tipo+2%22%2C+%22CCS+2%22%2C+%22CHAdeMO%22%5D&fast=false&searchText= "HTTP/1.1 200 OK"
2026-04-04T21:48:50 | INFO     | ingest.tupi | Tupi poll: inserted 2035 snapshots
2026-04-04T21:53:53 | INFO     | httpx | HTTP Request: GET https://api.tupinambaenergia.com.br/stationsShortVersion?plugTypes=%5B%22Tipo+2%22%2C+%22CCS+2%22%2C+%22CHAdeMO%22%5D&fast=false&searchText= "HTTP/1.1 200 OK"
2026-04-04T21:53:54 | INFO     | ingest.tupi | Tupi poll: inserted 2035 snapshots
2026-04-04T21:58:57 | INFO     | httpx | HTTP Request: GET https://api.tupinambaenergia.com.br/stationsShortVersion?plugTypes=%5B%22Tipo+2%22%2C+%22CCS+2%22%2C+%22CHAdeMO%22%5D&fast=false&searchText= "HTTP/1.1 200 OK"
2026-04-04T21:58:58 | INFO     | ingest.tupi | Tupi poll: inserted 2035 snapshots
2026-04-04T22:04:01 | INFO     | httpx | HTTP Request: GET https://api.tupinambaenergia.com.br/stationsShortVersion?plugTypes=%5B%22Tipo+2%22%2C+%22CCS+2%22%2C+%22CHAdeMO%22%5D&fast=false&searchText= "HTTP/1.1 200 OK"
2026-04-04T22:04:02 | INFO     | ingest.tupi | Tupi poll: inserted 2035 snapshots
2026-04-04T22:09:06 | INFO     | httpx | HTTP Request: GET https://api.tupinambaenergia.com.br/stationsShortVersion?plugTypes=%5B%22Tipo+2%22%2C+%22CCS+2%22%2C+%22CHAdeMO%22%5D&fast=false&searchText= "HTTP/1.1 200 OK"
2026-04-04T22:09:06 | INFO     | ingest.tupi | Tupi poll: inserted 2035 snapshots
2026-04-04T22:14:10 | INFO     | httpx | HTTP Request: GET https://api.tupinambaenergia.com.br/stationsShortVersion?plugTypes=%5B%22Tipo+2%22%2C+%22CCS+2%22%2C+%22CHAdeMO%22%5D&fast=false&searchText= "HTTP/1.1 200 OK"
2026-04-04T22:14:10 | INFO     | ingest.tupi | Tupi poll: inserted 2035 snapshots
2026-04-04T22:19:14 | INFO     | httpx | HTTP Request: GET https://api.tupinambaenergia.com.br/stationsShortVersion?plugTypes=%5B%22Tipo+2%22%2C+%22CCS+2%22%2C+%22CHAdeMO%22%5D&fast=false&searchText= "HTTP/1.1 200 OK"
2026-04-04T22:19:14 | INFO     | ingest.tupi | Tupi poll: inserted 2035 snapshots
2026-04-04T22:24:18 | INFO     | httpx | HTTP Request: GET https://api.tupinambaenergia.com.br/stationsShortVersion?plugTypes=%5B%22Tipo+2%22%2C+%22CCS+2%22%2C+%22CHAdeMO%22%5D&fast=false&searchText= "HTTP/1.1 200 OK"
2026-04-04T22:24:19 | INFO     | ingest.tupi | Tupi poll: inserted 2035 snapshots
2026-04-04T22:29:22 | INFO     | httpx | HTTP Request: GET https://api.tupinambaenergia.com.br/stationsShortVersion?plugTypes=%5B%22Tipo+2%22%2C+%22CCS+2%22%2C+%22CHAdeMO%22%5D&fast=false&searchText= "HTTP/1.1 200 OK"
2026-04-04T22:29:23 | INFO     | ingest.tupi | Tupi poll: inserted 2035 snapshots
2026-04-04T22:34:28 | INFO     | httpx | HTTP Request: GET https://api.tupinambaenergia.com.br/stationsShortVersion?plugTypes=%5B%22Tipo+2%22%2C+%22CCS+2%22%2C+%22CHAdeMO%22%5D&fast=false&searchText= "HTTP/1.1 200 OK"
2026-04-04T22:34:29 | INFO     | ingest.tupi | Tupi poll: inserted 2035 snapshots
2026-04-04T22:39:32 | INFO     | httpx | HTTP Request: GET https://api.tupinambaenergia.com.br/stationsShortVersion?plugTypes=%5B%22Tipo+2%22%2C+%22CCS+2%22%2C+%22CHAdeMO%22%5D&fast=false&searchText= "HTTP/1.1 200 OK"
2026-04-04T22:39:32 | INFO     | ingest.tupi | Tupi poll: inserted 2035 snapshots
2026-04-04T22:44:36 | INFO     | httpx | HTTP Request: GET https://api.tupinambaenergia.com.br/stationsShortVersion?plugTypes=%5B%22Tipo+2%22%2C+%22CCS+2%22%2C+%22CHAdeMO%22%5D&fast=false&searchText= "HTTP/1.1 200 OK"
2026-04-04T22:44:37 | INFO     | ingest.tupi | Tupi poll: inserted 2035 snapshots
2026-04-04T22:49:40 | INFO     | httpx | HTTP Request: GET https://api.tupinambaenergia.com.br/stationsShortVersion?plugTypes=%5B%22Tipo+2%22%2C+%22CCS+2%22%2C+%22CHAdeMO%22%5D&fast=false&searchText= "HTTP/1.1 200 OK"
2026-04-04T22:49:41 | INFO     | ingest.tupi | Tupi poll: inserted 2035 snapshots
2026-04-04T22:54:45 | INFO     | httpx | HTTP Request: GET https://api.tupinambaenergia.com.br/stationsShortVersion?plugTypes=%5B%22Tipo+2%22%2C+%22CCS+2%22%2C+%22CHAdeMO%22%5D&fast=false&searchText= "HTTP/1.1 200 OK"
2026-04-04T22:54:45 | INFO     | ingest.tupi | Tupi poll: inserted 2035 snapshots
2026-04-04T22:59:49 | INFO     | httpx | HTTP Request: GET https://api.tupinambaenergia.com.br/stationsShortVersion?plugTypes=%5B%22Tipo+2%22%2C+%22CCS+2%22%2C+%22CHAdeMO%22%5D&fast=false&searchText= "HTTP/1.1 200 OK"
2026-04-04T22:59:50 | INFO     | ingest.tupi | Tupi poll: inserted 2035 snapshots
2026-04-04T23:04:53 | INFO     | httpx | HTTP Request: GET https://api.tupinambaenergia.com.br/stationsShortVersion?plugTypes=%5B%22Tipo+2%22%2C+%22CCS+2%22%2C+%22CHAdeMO%22%5D&fast=false&searchText= "HTTP/1.1 200 OK"
2026-04-04T23:04:54 | INFO     | ingest.tupi | Tupi poll: inserted 2035 snapshots
2026-04-04T23:09:57 | INFO     | httpx | HTTP Request: GET https://api.tupinambaenergia.com.br/stationsShortVersion?plugTypes=%5B%22Tipo+2%22%2C+%22CCS+2%22%2C+%22CHAdeMO%22%5D&fast=false&searchText= "HTTP/1.1 200 OK"
2026-04-04T23:09:58 | INFO     | ingest.tupi | Tupi poll: inserted 2035 snapshots
2026-04-04T23:15:01 | INFO     | httpx | HTTP Request: GET https://api.tupinambaenergia.com.br/stationsShortVersion?plugTypes=%5B%22Tipo+2%22%2C+%22CCS+2%22%2C+%22CHAdeMO%22%5D&fast=false&searchText= "HTTP/1.1 200 OK"
2026-04-04T23:15:01 | INFO     | ingest.tupi | Tupi poll: inserted 2035 snapshots
2026-04-04T23:20:05 | INFO     | httpx | HTTP Request: GET https://api.tupinambaenergia.com.br/stationsShortVersion?plugTypes=%5B%22Tipo+2%22%2C+%22CCS+2%22%2C+%22CHAdeMO%22%5D&fast=false&searchText= "HTTP/1.1 200 OK"
2026-04-04T23:20:05 | INFO     | ingest.tupi | Tupi poll: inserted 2035 snapshots
2026-04-04T23:25:09 | INFO     | httpx | HTTP Request: GET https://api.tupinambaenergia.com.br/stationsShortVersion?plugTypes=%5B%22Tipo+2%22%2C+%22CCS+2%22%2C+%22CHAdeMO%22%5D&fast=false&searchText= "HTTP/1.1 200 OK"
2026-04-04T23:25:09 | INFO     | ingest.tupi | Tupi poll: inserted 2035 snapshots
2026-04-04T23:30:13 | INFO     | httpx | HTTP Request: GET https://api.tupinambaenergia.com.br/stationsShortVersion?plugTypes=%5B%22Tipo+2%22%2C+%22CCS+2%22%2C+%22CHAdeMO%22%5D&fast=false&searchText= "HTTP/1.1 200 OK"
2026-04-04T23:30:13 | INFO     | ingest.tupi | Tupi poll: inserted 2035 snapshots
2026-04-04T23:35:17 | INFO     | httpx | HTTP Request: GET https://api.tupinambaenergia.com.br/stationsShortVersion?plugTypes=%5B%22Tipo+2%22%2C+%22CCS+2%22%2C+%22CHAdeMO%22%5D&fast=false&searchText= "HTTP/1.1 200 OK"
2026-04-04T23:35:18 | INFO     | ingest.tupi | Tupi poll: inserted 2035 snapshots
2026-04-04T23:40:21 | INFO     | httpx | HTTP Request: GET https://api.tupinambaenergia.com.br/stationsShortVersion?plugTypes=%5B%22Tipo+2%22%2C+%22CCS+2%22%2C+%22CHAdeMO%22%5D&fast=false&searchText= "HTTP/1.1 200 OK"
2026-04-04T23:40:22 | INFO     | ingest.tupi | Tupi poll: inserted 2035 snapshots
2026-04-04T23:45:25 | INFO     | httpx | HTTP Request: GET https://api.tupinambaenergia.com.br/stationsShortVersion?plugTypes=%5B%22Tipo+2%22%2C+%22CCS+2%22%2C+%22CHAdeMO%22%5D&fast=false&searchText= "HTTP/1.1 200 OK"
2026-04-04T23:45:25 | INFO     | ingest.tupi | Tupi poll: inserted 2035 snapshots
2026-04-04T23:50:30 | INFO     | httpx | HTTP Request: GET https://api.tupinambaenergia.com.br/stationsShortVersion?plugTypes=%5B%22Tipo+2%22%2C+%22CCS+2%22%2C+%22CHAdeMO%22%5D&fast=false&searchText= "HTTP/1.1 200 OK"
2026-04-04T23:50:31 | INFO     | ingest.tupi | Tupi poll: inserted 2035 snapshots
